Title,URL,Description,Details,ShortDetails,Resource,Type,Identifiers,Db,EntrezUID,Properties
"Total knee arthroplasty: posterior tibial slope influences the size but not the rotational alignment of the tibial component.","/pubmed/32030500","Ismailidis P, Kremo V, Mündermann A, Müller-Gerbl M, Nowakowski AM.","Knee Surg Sports Traumatol Arthrosc. 2020 Feb 6. doi: 10.1007/s00167-020-05875-z. [Epub ahead of print]","Knee Surg Sports Traumatol Arthrosc.  2020","PubMed","citation","PMID:32030500","pubmed","32030500","create date:2020/02/08 | first author:Ismailidis P",
"The use of an asymmetrical tibial tray in TKA optimises tibial rotation when fitted to the posterior tibial plateau border.","/pubmed/32006074","Okazaki Y, Pujol N.","Knee Surg Sports Traumatol Arthrosc. 2020 Jan 31. doi: 10.1007/s00167-020-05858-0. [Epub ahead of print]","Knee Surg Sports Traumatol Arthrosc.  2020","PubMed","citation","PMID:32006074","pubmed","32006074","create date:2020/02/02 | first author:Okazaki Y",
"Revisiting the tibial crest as reference for the mechanical alignment of the tibial component in total knee arthroplasty: a cadaveric study on Caucasian tibiae.","/pubmed/32002790","Cinotti G, Ripani FR, Sinno E, Sarti S, LaTorre G, Giannicola G.","Musculoskelet Surg. 2020 Jan 30. doi: 10.1007/s12306-020-00639-x. [Epub ahead of print]","Musculoskelet Surg.  2020","PubMed","citation","PMID:32002790","pubmed","32002790","create date:2020/02/01 | first author:Cinotti G",
"Optimal rotational positioning of tibial component in total knee arthroplasty: determined by linker surgical technique using a high definition CT.","/pubmed/31965282","Jung WH, Seo JG, Kim DH, Balabadra S, Mandot U, Kumar D.","Arch Orthop Trauma Surg. 2020 Mar;140(3):401-408. doi: 10.1007/s00402-020-03340-7. Epub 2020 Jan 21.","Arch Orthop Trauma Surg.  2020","PubMed","citation","PMID:31965282","pubmed","31965282","create date:2020/01/23 | first author:Jung WH",
"Influence of total knee arthroplasty on hip rotational range of motion.","/pubmed/31902856","Kataoka T, Oshima Y, Iizawa N, Majima T, Takai S.","J Nippon Med Sch. 2019 Dec 27. doi: 10.1272/jnms.JNMS.2020_87-401. [Epub ahead of print]","J Nippon Med Sch.  2019","PubMed","citation","PMID:31902856","pubmed","31902856","create date:2020/01/07 | first author:Kataoka T",
"Patient-specific instrumentation improves functional kinematics of minimally-invasive total knee replacements as revealed by computerized 3D fluoroscopy.","/pubmed/31838341","Shih KS, Lin CC, Lu HL, Fu YC, Lin CK, Li SY, Lu TW.","Comput Methods Programs Biomed. 2019 Nov 30;188:105250. doi: 10.1016/j.cmpb.2019.105250. [Epub ahead of print]","Comput Methods Programs Biomed.  2019","PubMed","citation","PMID:31838341","pubmed","31838341","create date:2019/12/16 | first author:Shih KS",
"Augmented reality-based navigation system applied to tibial bone resection in total knee arthroplasty.","/pubmed/31712907","Tsukada S, Ogawa H, Nishino M, Kurosaka K, Hirasawa N.","J Exp Orthop. 2019 Nov 11;6(1):44. doi: 10.1186/s40634-019-0212-6.","J Exp Orthop.  2019","PubMed","citation","PMID:31712907 | PMCID:PMC6848533","pubmed","31712907","create date:2019/11/13 | first author:Tsukada S",
"Methods of intra- and post-operative determination of the position of the tibial component during total knee replacement.","/pubmed/31655885","Popescu R, Haritinian EG, Cristea S.","Int Orthop. 2020 Jan;44(1):119-128. doi: 10.1007/s00264-019-04424-9. Epub 2019 Oct 27. Review.","Int Orthop.  2020","PubMed","citation","PMID:31655885","pubmed","31655885","create date:2019/10/28 | first author:Popescu R",
"Less gap imbalance with restricted kinematic alignment than with mechanically aligned total knee arthroplasty: simulations on 3-D bone models created from CT-scans.","/pubmed/31610681","Blakeney W, Beaulieu Y, Kiss MO, Rivière C, Vendittoli PA.","Acta Orthop. 2019 Dec;90(6):602-609. doi: 10.1080/17453674.2019.1675126. Epub 2019 Oct 15.","Acta Orthop.  2019","PubMed","citation","PMID:31610681 | PMCID:PMC6844385","pubmed","31610681","create date:2019/10/16 | first author:Blakeney W",
"Effect of surgical parameters on the biomechanical behaviour of bicondylar total knee endoprostheses - A robot-assisted test method based on a musculoskeletal model.","/pubmed/31601894","Kebbach M, Grawe R, Geier A, Winter E, Bergschmidt P, Kluess D, D'Lima D, Woernle C, Bader R.","Sci Rep. 2019 Oct 10;9(1):14504. doi: 10.1038/s41598-019-50399-3.","Sci Rep.  2019","PubMed","citation","PMID:31601894 | PMCID:PMC6787084","pubmed","31601894","create date:2019/10/12 | first author:Kebbach M",
"Tibiofemoral rotation is related to differences in the lateral femoral condyle configuration in both normal subjects and women with hip dysplasia: a three-dimensional analysis.","/pubmed/31366348","Imai N, Miyasaka D, Hirano Y, Suzuki H, Tsuchiya K, Endo N.","BMC Musculoskelet Disord. 2019 Jul 31;20(1):353. doi: 10.1186/s12891-019-2737-3.","BMC Musculoskelet Disord.  2019","PubMed","citation","PMID:31366348 | PMCID:PMC6668094","pubmed","31366348","create date:2019/08/02 | first author:Imai N",
"Can total knee arthroplasty restore the correlation between radiographic mechanical axis angle and dynamic coronal plane alignment during gait?","/pubmed/31047797","Larose G, Fuentes A, Lavoie F, Aissaoui R, de Guise J, Hagemeister N.","Knee. 2019 Jun;26(3):586-594. doi: 10.1016/j.knee.2019.02.012. Epub 2019 Apr 29.","Knee.  2019","PubMed","citation","PMID:31047797","pubmed","31047797","create date:2019/05/03 | first author:Larose G",
"Patient-Specific Instrumentation Does Not Affect Rotational Alignment of the Femoral Component and Perioperative Blood Loss in Total Knee Arthroplasty: A Prospective, Randomized, Controlled Trial.","/pubmed/30979672","Randelli PS, Menon A, Pasqualotto S, Zanini B, Compagnoni R, Cucchi D.","J Arthroplasty. 2019 Jul;34(7):1374-1381.e1. doi: 10.1016/j.arth.2019.03.018. Epub 2019 Mar 13.","J Arthroplasty.  2019","PubMed","citation","PMID:30979672","pubmed","30979672","create date:2019/04/14 | first author:Randelli PS",
"The Posterolateral Corner-Locked Technique Is Applicable in a Chinese Population Regarding the Tibial Component Rotation Alignment in Total Knee Arthroplasty.","/pubmed/30763954","Fang CH, Cheng CK, Qu TB, Zhang JH, Zhang B, Hua Q, Yan SG.","J Knee Surg. 2019 Feb 14. doi: 10.1055/s-0039-1678536. [Epub ahead of print]","J Knee Surg.  2019","PubMed","citation","PMID:30763954","pubmed","30763954","create date:2019/02/15 | first author:Fang CH",
"Coronal tibial alignment is linked to femoral rotational asymmetry: Implications for total knee arthroplasty surgery.","/pubmed/30745220","Hayasaka S, Newman C, Walter WL, Talbot S.","Knee. 2019 Mar;26(2):435-443. doi: 10.1016/j.knee.2019.01.008. Epub 2019 Feb 10.","Knee.  2019","PubMed","citation","PMID:30745220","pubmed","30745220","create date:2019/02/13 | first author:Hayasaka S",
"Antero-posterior axis of tibia in patient undergoing total knee replacement in Indian population.","/pubmed/30705540","Shukla S, Upadhyaya V, Goel M, Gupta S.","J Clin Orthop Trauma. 2019 Jan-Feb;10(1):96-101. doi: 10.1016/j.jcot.2017.05.001. Epub 2017 May 16.","J Clin Orthop Trauma.  2019","PubMed","citation","PMID:30705540 | PMCID:PMC6349665","pubmed","30705540","create date:2019/02/02 | first author:Shukla S",
"A proposed new rotating reference axis for the tibial component after proximal tibial resection in total knee arthroplasty.","/pubmed/30571784","Ohmori T, Kabata T, Kajino Y, Inoue D, Taga T, Yamamoto T, Takagi T, Yoshitani J, Ueno T, Ueoka K, Tsuchiya H.","PLoS One. 2018 Dec 20;13(12):e0209317. doi: 10.1371/journal.pone.0209317. eCollection 2018.","PLoS One.  2018","PubMed","citation","PMID:30571784 | PMCID:PMC6301685","pubmed","30571784","create date:2018/12/21 | first author:Ohmori T",
"Distal Femoral Rotation is not Associated With Preoperative Proximal Tibial Varus Angle in Patients With Isolated Medial Compartment Osteoarthritis.","/pubmed/30377013","Conti MS, Kleeblad LJ, Jones CW, Pearle AD, Sculco PK.","J Arthroplasty. 2019 Feb;34(2):281-285. doi: 10.1016/j.arth.2018.09.080. Epub 2018 Sep 28.","J Arthroplasty.  2019","PubMed","citation","PMID:30377013","pubmed","30377013","create date:2018/11/01 | first author:Conti MS",
"Highly variable tibial tubercle-trochlear groove distance (TT-TG) in osteoarthritic knees should be considered when performing TKA.","/pubmed/30242453","Hochreiter B, Hirschmann MT, Amsler F, Behrend H.","Knee Surg Sports Traumatol Arthrosc. 2019 May;27(5):1403-1409. doi: 10.1007/s00167-018-5141-x. Epub 2018 Sep 21.","Knee Surg Sports Traumatol Arthrosc.  2019","PubMed","citation","PMID:30242453","pubmed","30242453","create date:2018/09/23 | first author:Hochreiter B",
"The original Akagi line is the most reliable: a systematic review of landmarks for rotational alignment of the tibial component in TKA.","/pubmed/30203197","Saffarini M, Nover L, Tandogan R, Becker R, Moser LB, Hirschmann MT, Indelli PF.","Knee Surg Sports Traumatol Arthrosc. 2019 Apr;27(4):1018-1027. doi: 10.1007/s00167-018-5131-z. Epub 2018 Sep 10.","Knee Surg Sports Traumatol Arthrosc.  2019","PubMed","citation","PMID:30203197","pubmed","30203197","create date:2018/09/12 | first author:Saffarini M",
"Assessment of Loosening and Rotational Malalignment Following Knee Endoprosthesis or Other Surgical Components.","/pubmed/30134467","Gemescu IN, Weber MA, Rehnitz C, Mittelmeier W, Carrino JA, Thierfelder KM.","Semin Musculoskelet Radiol. 2018 Sep;22(4):435-443. doi: 10.1055/s-0038-1667118. Epub 2018 Aug 22. Review.","Semin Musculoskelet Radiol.  2018","PubMed","citation","PMID:30134467","pubmed","30134467","create date:2018/08/23 | first author:Gemescu IN",
"Relationship Between Coronal Alignment and Rotational Profile of Lower Extremity in Patients With Knee Osteoarthritis.","/pubmed/30126713","Chang MJ, Jeong HJ, Kang SB, Chang CB, Yoon C, Shin JY.","J Arthroplasty. 2018 Dec;33(12):3773-3777. doi: 10.1016/j.arth.2018.07.022. Epub 2018 Jul 30.","J Arthroplasty.  2018","PubMed","citation","PMID:30126713","pubmed","30126713","create date:2018/08/22 | first author:Chang MJ",
"Bony landmarks with tibial cutting surface are useful to avoid rotational mismatch in total knee arthroplasty.","/pubmed/29995165","Ma Y, Mizu-Uchi H, Ushio T, Hamai S, Akasaki Y, Murakami K, Nakashima Y.","Knee Surg Sports Traumatol Arthrosc. 2019 May;27(5):1570-1579. doi: 10.1007/s00167-018-5052-x. Epub 2018 Jul 11.","Knee Surg Sports Traumatol Arthrosc.  2019","PubMed","citation","PMID:29995165","pubmed","29995165","create date:2018/07/12 | first author:Ma Y",
"Total knee replacement modifies the preoperative tibial torsion angle-similar results between computer-assisted and standard technique.","/pubmed/29955573","Hernandez-Vaquero D, Noriega-Fernandez A, Roncero-Gonzalez S, Sierra-Pereira AA, Sandoval-Garcia MA.","Ann Transl Med. 2018 Apr;6(7):113. doi: 10.21037/atm.2018.02.15.","Ann Transl Med.  2018","PubMed","citation","PMID:29955573 | PMCID:PMC6015944","pubmed","29955573","create date:2018/06/30 | first author:Hernandez-Vaquero D",
"Measurement techniques to determine tibial rotation after total knee arthroplasty are less accurate than we think.","/pubmed/29871786","van Houten AH, Kosse NM, Wessels M, Wymenga AB.","Knee. 2018 Aug;25(4):663-668. doi: 10.1016/j.knee.2018.05.006. Epub 2018 Jun 3.","Knee.  2018","PubMed","citation","PMID:29871786","pubmed","29871786","create date:2018/06/07 | first author:van Houten AH",
"In Vivo Tibial Fit and Rotational Analysis of a Customized, Patient-Specific TKA versus Off-the-Shelf TKA.","/pubmed/29801179","Schroeder L, Martin G.","J Knee Surg. 2019 Jun;32(6):499-505. doi: 10.1055/s-0038-1653966. Epub 2018 May 25.","J Knee Surg.  2019","PubMed","citation","PMID:29801179","pubmed","29801179","create date:2018/05/26 | first author:Schroeder L",
"Reliability evaluation of inter-eminence line, Akagi and Dalury lines for intraoperative tibial rotation: An osteology-based study.","/pubmed/29571819","Williams R, Thomas A, Bajada S, Antonios T, Morgan-Jones R, Bekvalac J, Adds P.","Knee. 2018 Jun;25(3):453-458. doi: 10.1016/j.knee.2018.02.010. Epub 2018 Mar 20.","Knee.  2018","PubMed","citation","PMID:29571819","pubmed","29571819","create date:2018/03/25 | first author:Williams R",
"A computer-assisted, tibia-first technique for improved femoral component rotation in total knee arthroplasty.","/pubmed/29560400","Lee CM, Dhillon MK, Sulaiman MA.","Arthroplast Today. 2017 Aug 18;4(1):78-84. doi: 10.1016/j.artd.2017.06.007. eCollection 2018 Mar.","Arthroplast Today.  2018","PubMed","citation","PMID:29560400 | PMCID:PMC5859675","pubmed","29560400","create date:2018/03/22 | first author:Lee CM",
"Femoral Component External Rotation Affects Knee Biomechanics: A Computational Model of Posterior-stabilized TKA.","/pubmed/29529625","Kia M, Wright TM, Cross MB, Mayman DJ, Pearle AD, Sculco PK, Westrich GH, Imhauser CW.","Clin Orthop Relat Res. 2018 Jan;476(1):113-123. doi: 10.1007/s11999.0000000000000020.","Clin Orthop Relat Res.  2018","PubMed","citation","PMID:29529625 | PMCID:PMC5919232","pubmed","29529625","create date:2018/03/13 | first author:Kia M",
"3D patient imaging and retrieval analysis help understand the clinical importance of rotation in knee replacements.","/pubmed/29520668","Cerquiglini A, Henckel J, Hothi H, Rotigliano N, Hirschmann MT, Hart AJ.","Knee Surg Sports Traumatol Arthrosc. 2018 Nov;26(11):3351-3361. doi: 10.1007/s00167-018-4891-9. Epub 2018 Mar 8.","Knee Surg Sports Traumatol Arthrosc.  2018","PubMed","citation","PMID:29520668 | PMCID:PMC6208955","pubmed","29520668","create date:2018/03/10 | first author:Cerquiglini A",
"Combined Rotational Alignment Change after Total Knee Arthroplasty in Different Tibial Component Designs: Implications for Optimal Tibial Component Rotational Alignment.","/pubmed/29482307","Rhee SJ, Cho JY, Jeung SH, Poon KB, Choi YY, Suh JT.","Knee Surg Relat Res. 2018 Mar 1;30(1):74-83. doi: 10.5792/ksrr.17.048.","Knee Surg Relat Res.  2018","PubMed","citation","PMID:29482307 | PMCID:PMC5853167","pubmed","29482307","create date:2018/02/27 | first author:Rhee SJ",
"Tibial component coverage and rotational alignment accuracy after mobile-bearing total knee arthroplasty.","/pubmed/29428984","Ishii Y, Noguchi H, Sato J, Ishii H, Todoroki K, Toyabe SI.","Eur J Orthop Surg Traumatol. 2018 Aug;28(6):1143-1149. doi: 10.1007/s00590-018-2155-5. Epub 2018 Feb 10.","Eur J Orthop Surg Traumatol.  2018","PubMed","citation","PMID:29428984","pubmed","29428984","create date:2018/02/13 | first author:Ishii Y",
"Distal Femoral Rotation Correlates With Proximal Tibial Joint Line Obliquity: A Consideration for Kinematic Total Knee Arthroplasty.","/pubmed/29395720","Ng CK, Chen JY, Yeh JZY, Ho JPY, Merican AM, Yeo SJ.","J Arthroplasty. 2018 Jun;33(6):1936-1944. doi: 10.1016/j.arth.2017.12.025. Epub 2017 Dec 28.","J Arthroplasty.  2018","PubMed","citation","PMID:29395720","pubmed","29395720","create date:2018/02/06 | first author:Ng CK",
"Relationships between in vivo dynamic knee joint loading, static alignment and tibial subchondral bone microarchitecture in end-stage knee osteoarthritis.","/pubmed/29382604","Roberts BC, Solomon LB, Mercer G, Reynolds KJ, Thewlis D, Perilli E.","Osteoarthritis Cartilage. 2018 Apr;26(4):547-556. doi: 10.1016/j.joca.2018.01.014. Epub 2018 Jan 31.","Osteoarthritis Cartilage.  2018","PubMed","citation","PMID:29382604","pubmed","29382604","create date:2018/02/01 | first author:Roberts BC",
"Do modern total knee replacements improve tibial coverage?","/pubmed/29372284","Meier M, Webb J, Collins JE, Beckmann J, Fitz W.","Knee Surg Sports Traumatol Arthrosc. 2018 Nov;26(11):3219-3229. doi: 10.1007/s00167-018-4836-3. Epub 2018 Jan 25.","Knee Surg Sports Traumatol Arthrosc.  2018","PubMed","citation","PMID:29372284","pubmed","29372284","create date:2018/01/27 | first author:Meier M",
"Tibial internal rotation negatively affects clinical outcomes in total knee arthroplasty: a systematic review.","/pubmed/29247357","Panni AS, Ascione F, Rossini M, Braile A, Corona K, Vasso M, Hirschmann MT.","Knee Surg Sports Traumatol Arthrosc. 2018 Jun;26(6):1636-1644. doi: 10.1007/s00167-017-4823-0. Epub 2017 Dec 15. Review.","Knee Surg Sports Traumatol Arthrosc.  2018","PubMed","citation","PMID:29247357","pubmed","29247357","create date:2017/12/17 | first author:Panni AS",
"Experience Influences the Agreement and Reliability of Tibial Component Positioning in Total Knee Arthroplasty.","/pubmed/29224992","Amanatullah DF, Pallante GD, Ollivier MP, Hooke AW, Abdel MP, Taunton MJ.","J Arthroplasty. 2018 Apr;33(4):1231-1234. doi: 10.1016/j.arth.2017.11.012. Epub 2017 Nov 13.","J Arthroplasty.  2018","PubMed","citation","PMID:29224992","pubmed","29224992","create date:2017/12/12 | first author:Amanatullah DF",
"Combined CT-based and image-free navigation systems in TKA reduces postoperative outliers of rotational alignment of the tibial component.","/pubmed/29177541","Mitsuhashi S, Akamatsu Y, Kobayashi H, Kusayama Y, Kumagai K, Saito T.","Arch Orthop Trauma Surg. 2018 Feb;138(2):259-266. doi: 10.1007/s00402-017-2837-1. Epub 2017 Nov 25.","Arch Orthop Trauma Surg.  2018","PubMed","citation","PMID:29177541","pubmed","29177541","create date:2017/11/28 | first author:Mitsuhashi S",
"Effects of tibial baseplate shape on rotational alignment in total knee arthroplasty: three-dimensional surgical simulation using osteoarthritis knees.","/pubmed/29075841","Ma Y, Mizu-Uchi H, Okazaki K, Ushio T, Murakami K, Hamai S, Akasaki Y, Nakashima Y.","Arch Orthop Trauma Surg. 2018 Jan;138(1):105-114. doi: 10.1007/s00402-017-2828-2. Epub 2017 Oct 26.","Arch Orthop Trauma Surg.  2018","PubMed","citation","PMID:29075841","pubmed","29075841","create date:2017/10/28 | first author:Ma Y",
"[Meta analysis of three-dimensional printing patient-specific instrumentation versus conventional instrumentation in total knee arthroplasty].","/pubmed/29050180","Ren JT, Xu C, Wang JS, Liu XL.","Zhonghua Wai Ke Za Zhi. 2017 Oct 1;55(10):775-781. doi: 10.3760/cma.j.issn.0529-5815.2017.10.012. Chinese. ","Zhonghua Wai Ke Za Zhi.  2017","PubMed","citation","PMID:29050180","pubmed","29050180","create date:2017/10/21 | first author:Ren JT",
"Tibial Base Plate for Total Knee Arthroplasty: Symmetric or Asymmetric?","/pubmed/28861194","Bozkurt M, Akkaya M, Tahta M, Gursoy S, Firat A.","Clin Orthop Surg. 2017 Sep;9(3):280-285. doi: 10.4055/cios.2017.9.3.280. Epub 2017 Aug 4.","Clin Orthop Surg.  2017","PubMed","citation","PMID:28861194 | PMCID:PMC5567022","pubmed","28861194","create date:2017/09/02 | first author:Bozkurt M",
"Can kinematic tibial templates assist the surgeon locating the flexion and extension plane of the knee?","/pubmed/28797876","Paschos NK, Howell SM, Johnson JM, Mahfouz MR.","Knee. 2017 Oct;24(5):1006-1015. doi: 10.1016/j.knee.2017.07.008. Epub 2017 Aug 8.","Knee.  2017","PubMed","citation","PMID:28797876","pubmed","28797876","create date:2017/08/12 | first author:Paschos NK",
"Revision of partial knee to total knee arthroplasty with use of patient-specific instruments results in acceptable femoral rotation.","/pubmed/28785788","Schotanus MGM, Thijs E, Boonen B, Kerens B, Jong B, Kort NP.","Knee Surg Sports Traumatol Arthrosc. 2018 Jun;26(6):1656-1661. doi: 10.1007/s00167-017-4674-8. Epub 2017 Aug 7.","Knee Surg Sports Traumatol Arthrosc.  2018","PubMed","citation","PMID:28785788","pubmed","28785788","create date:2017/08/09 | first author:Schotanus MGM",
"Asymmetric Tibial Component Improved the Coverage and Rotation of the Tibial Component in a Medial Pivot Total Knee Prosthesis.","/pubmed/28701008","Minoda Y, Ikebuchi M, Mizokawa S, Ohta Y, Nakamura H.","J Knee Surg. 2018 May;31(5):416-421. doi: 10.1055/s-0037-1604143. Epub 2017 Jul 12.","J Knee Surg.  2018","PubMed","citation","PMID:28701008","pubmed","28701008","create date:2017/07/13 | first author:Minoda Y",
"Computer assisted total knee arthroplasty: a real navigation to better results?","/pubmed/28657564","Di Benedetto P, Di Benedetto ED, Buttironi MM, Beltrame A, Gissoni R, Cainero V, Causero A.","Acta Biomed. 2017 Jun 7;88(2S):48-53. doi: 10.23750/abm.v88i2 -S.6513.","Acta Biomed.  2017","PubMed","citation","PMID:28657564 | PMCID:PMC6179005","pubmed","28657564","create date:2017/06/29 | first author:Di Benedetto P",
"Anterior tibial curved cortex is a reliable landmark for tibial rotational alignment in total knee arthroplasty.","/pubmed/28606122","Kim JI, Jang J, Lee KW, Han HS, Lee S, Lee MC.","BMC Musculoskelet Disord. 2017 Jun 12;18(1):252. doi: 10.1186/s12891-017-1609-y.","BMC Musculoskelet Disord.  2017","PubMed","citation","PMID:28606122 | PMCID:PMC5469063","pubmed","28606122","create date:2017/06/14 | first author:Kim JI",
"Variability in static alignment and kinematics for kinematically aligned TKA.","/pubmed/28571921","Theodore W, Twiggs J, Kolos E, Roe J, Fritsch B, Dickison D, Liu D, Salmon L, Miles B, Howell S.","Knee. 2017 Aug;24(4):733-744. doi: 10.1016/j.knee.2017.04.002. Epub 2017 May 30.","Knee.  2017","PubMed","citation","PMID:28571921","pubmed","28571921","create date:2017/06/03 | first author:Theodore W",
"Medial parapatellar approach leads to internal rotation of tibial component in total knee arthroplasty.","/pubmed/28560546","Schiapparelli FF, Amsler F, Hirschmann MT.","Knee Surg Sports Traumatol Arthrosc. 2018 May;26(5):1564-1570. doi: 10.1007/s00167-017-4586-7. Epub 2017 May 30.","Knee Surg Sports Traumatol Arthrosc.  2018","PubMed","citation","PMID:28560546","pubmed","28560546","create date:2017/06/01 | first author:Schiapparelli FF",
"Do small changes in rotation affect measurements of lower extremity limb alignment?","/pubmed/28532505","Jamali AA, Meehan JP, Moroski NM, Anderson MJ, Lamba R, Parise C.","J Orthop Surg Res. 2017 May 22;12(1):77. doi: 10.1186/s13018-017-0571-6. Review.","J Orthop Surg Res.  2017","PubMed","citation","PMID:28532505 | PMCID:PMC5441094","pubmed","28532505","create date:2017/05/24 | first author:Jamali AA",
"A comparison of short term radiological alignment outcomes of the patient specific and standard instrumentation for primary total knee arthroplasty: A systematic review and meta-analysis.","/pubmed/28502570","Alcelik I, Blomfield M, Öztürk C, Soni A, Charity R, Acornley A.","Acta Orthop Traumatol Turc. 2017 May;51(3):215-222. doi: 10.1016/j.aott.2017.02.001. Epub 2017 May 12. Review.","Acta Orthop Traumatol Turc.  2017","PubMed","citation","PMID:28502570 | PMCID:PMC6197451","pubmed","28502570","create date:2017/05/16 | first author:Alcelik I",
"The role of cone beam CT in the study of symptomatic total knee arthroplasty (TKA): a 20 cases report.","/pubmed/28467105","Nardi C, Buzzi R, Molteni R, Cossi C, Lorini C, Calistri L, Colagrande S.","Br J Radiol. 2017 Jun;90(1074):20160925. doi: 10.1259/bjr.20160925. Epub 2017 May 25.","Br J Radiol.  2017","PubMed","citation","PMID:28467105 | PMCID:PMC5602181","pubmed","28467105","create date:2017/05/04 | first author:Nardi C",
"What Factors Are Associated With Femoral Component Internal Rotation in TKA Using the Gap Balancing Technique?","/pubmed/28337656","Lee SY, Lim HC, Jang KM, Bae JH.","Clin Orthop Relat Res. 2017 Aug;475(8):1999-2010. doi: 10.1007/s11999-017-5319-4. Epub 2017 Mar 23.","Clin Orthop Relat Res.  2017","PubMed","citation","PMID:28337656 | PMCID:PMC5498379","pubmed","28337656","create date:2017/03/25 | first author:Lee SY",
"Simulation of total knee arthroplasty in 5° or 7° valgus: A study of gap imbalances and changes in limb and knee alignments from native.","/pubmed/27886399","Gu Y, Howell SM, Hull ML.","J Orthop Res. 2017 Sep;35(9):2031-2039. doi: 10.1002/jor.23492. Epub 2016 Dec 14.","J Orthop Res.  2017","PubMed","citation","PMID:27886399","pubmed","27886399","create date:2016/11/26 | first author:Gu Y",
"Location of the ankle center for total knee arthroplasty.","/pubmed/27825939","Asada S, Mori S, Inoue S, Tsukamoto I, Akagi M.","Knee. 2017 Jan;24(1):121-127. doi: 10.1016/j.knee.2016.09.019. Epub 2016 Nov 5.","Knee.  2017","PubMed","citation","PMID:27825939","pubmed","27825939","create date:2016/11/09 | first author:Asada S",
"Accuracy of MRI-based vs. CT-based patient-specific instrumentation in total knee arthroplasty: A meta-analysis.","/pubmed/27823847","An VV, Sivakumar BS, Phan K, Levy YD, Bruce WJ.","J Orthop Sci. 2017 Jan;22(1):116-120. doi: 10.1016/j.jos.2016.10.007. Epub 2016 Nov 4. Review.","J Orthop Sci.  2017","PubMed","citation","PMID:27823847","pubmed","27823847","create date:2016/11/09 | first author:An VV",
"The Anteroposterior Axis of the Proximal Tibia Can Change After Tibial Resection in Total Knee Arthroplasty: Computer Simulation Using Asian Osteoarthritis Knees.","/pubmed/27776906","Ushio T, Mizu-Uchi H, Okazaki K, Ma Y, Kuwashima U, Iwamoto Y.","J Arthroplasty. 2017 Mar;32(3):1006-1012. doi: 10.1016/j.arth.2016.09.003. Epub 2016 Sep 28.","J Arthroplasty.  2017","PubMed","citation","PMID:27776906","pubmed","27776906","create date:2016/10/26 | first author:Ushio T",
"Normal Femorotibial Rotational Alignment and Implications for Total Knee Arthroplasty: an MRI Analysis.","/pubmed/27703414","Wernecke GC, Harrris IA, Seeto BG, Chen DB, MacDessi SJ.","HSS J. 2016 Oct;12(3):216-222. Epub 2016 Feb 22. Erratum in: HSS J. 2016 Oct;12 (3):223. ","HSS J.  2016","PubMed","citation","PMID:27703414 | PMCID:PMC5026653","pubmed","27703414","create date:2016/10/06 | first author:Wernecke GC",
"Evaluation of the rotational alignment of the tibial component in total knee arthroplasty: position prioritizing maximum coverage.","/pubmed/27614951","Hirakawa M, Miyazaki M, Ikeda S, Matsumoto Y, Kondo M, Tsumura H.","Eur J Orthop Surg Traumatol. 2017 Jan;27(1):119-124. doi: 10.1007/s00590-016-1850-3. Epub 2016 Sep 10.","Eur J Orthop Surg Traumatol.  2017","PubMed","citation","PMID:27614951","pubmed","27614951","create date:2016/09/12 | first author:Hirakawa M",
"Alignment and component position after patient-matched instrumentation versus conventional total knee arthroplasty.","/pubmed/27574257","Pourgiezis N, Reddy SP, Nankivell M, Morrison G, VanEssen J.","J Orthop Surg (Hong Kong). 2016 Aug;24(2):170-4.","J Orthop Surg (Hong Kong).  2016","PubMed","citation","PMID:27574257","pubmed","27574257","create date:2016/08/31 | first author:Pourgiezis N",
"Partially loaded plain radiographic measurement to evaluate rotational alignment in total knee arthroplasty.","/pubmed/27447464","Pedraza W, Beckmann J, Mayer C, Mauch F, Huth J, Best R.","Int Orthop. 2016 Dec;40(12):2519-2526. Epub 2016 Jul 22.","Int Orthop.  2016","PubMed","citation","PMID:27447464","pubmed","27447464","create date:2016/07/23 | first author:Pedraza W",
"Femoral Component Rotation in Total Knee Arthroplasty: A Comparison Between Transepicondylar Axis and Posterior Condylar Line Referencing.","/pubmed/27374639","Franceschini V, Nodzo SR, Gonzalez Della Valle A.","J Arthroplasty. 2016 Dec;31(12):2917-2921. doi: 10.1016/j.arth.2016.05.032. Epub 2016 May 27.","J Arthroplasty.  2016","PubMed","citation","PMID:27374639","pubmed","27374639","create date:2016/07/05 | first author:Franceschini V",
"Patient-specific instrumentation does not improve radiographic alignment or clinical outcomes after total knee arthroplasty.","/pubmed/27249110","Huijbregts HJ, Khan RJ, Sorensen E, Fick DP, Haebich S.","Acta Orthop. 2016 Aug;87(4):386-94. doi: 10.1080/17453674.2016.1193799. Epub 2016 Jun 1. Review.","Acta Orthop.  2016","PubMed","citation","PMID:27249110 | PMCID:PMC4967282","pubmed","27249110","create date:2016/06/02 | first author:Huijbregts HJ",
"Changes in the rotational axes of the tibiofemoral joint caused by resection of the anterior cruciate ligament.","/pubmed/27219459","Bonny DP, Howell SM, Hull ML.","J Orthop Res. 2017 Apr;35(4):886-893. doi: 10.1002/jor.23308. Epub 2016 Jun 20.","J Orthop Res.  2017","PubMed","citation","PMID:27219459","pubmed","27219459","create date:2016/05/25 | first author:Bonny DP",
"Tibial Tubercle in Valgus Osteoarthritic Knees Is More Laterally Positioned Than in Varus Knees.","/pubmed/27155995","Hatayama K, Terauchi M, Saito K, Hagiwara K, Higuchi H.","J Arthroplasty. 2016 Oct;31(10):2303-7. doi: 10.1016/j.arth.2016.03.039. Epub 2016 Mar 26.","J Arthroplasty.  2016","PubMed","citation","PMID:27155995","pubmed","27155995","create date:2016/05/09 | first author:Hatayama K",
"[Mathematical analysis of the influences of femoral and tibial bone cuts on the dynamic alignment in total knee arthroplasty].","/pubmed/27029196","Zhao Y, Wang S, Zhao Z, Song K, Zhang S.","Zhonghua Wai Ke Za Zhi. 2016 Apr 1;54(4):241-6. doi: 10.3760/cma.j.issn.0529-5815.2016.04.001. Chinese. ","Zhonghua Wai Ke Za Zhi.  2016","PubMed","citation","PMID:27029196","pubmed","27029196","create date:2016/04/01 | first author:Zhao Y",
"[Imageology and significances of rotational axes of distal femur on Chinese adults with total knee arthroplasty].","/pubmed/27019896","Song BH, Sun JY, Ni ZL, He B, He JQ, Shao R.","Zhongguo Gu Shang. 2016 Jan;29(1):41-7. Chinese. ","Zhongguo Gu Shang.  2016","PubMed","citation","PMID:27019896","pubmed","27019896","create date:2016/03/30 | first author:Song BH",
"The medial border of the tibial tuberosity as an auxiliary tool for tibial component rotational alignment during total knee arthroplasty (TKA).","/pubmed/27017213","Drexler M, Backstein D, Studler U, Lakstein D, Haviv B, Schwarzkopf R, Rutenberg TF, Warschawski Y, Rath E, Kosashvili Y.","Knee Surg Sports Traumatol Arthrosc. 2017 Jun;25(6):1736-1742. doi: 10.1007/s00167-016-4072-7. Epub 2016 Mar 26.","Knee Surg Sports Traumatol Arthrosc.  2017","PubMed","citation","PMID:27017213","pubmed","27017213","create date:2016/03/28 | first author:Drexler M",
"Lower Limb Anatomy and Alignment Affect Natural Tibiofemoral Knee Kinematics: A Cadaveric Investigation.","/pubmed/27017201","Maderbacher G, Baier C, Springorum HR, Zeman F, Grifka J, Keshmiri A.","J Arthroplasty. 2016 Sep;31(9):2038-42. doi: 10.1016/j.arth.2016.02.049. Epub 2016 Mar 3.","J Arthroplasty.  2016","PubMed","citation","PMID:27017201","pubmed","27017201","create date:2016/03/28 | first author:Maderbacher G",
"[Total knee arthroplasty with the use of patient specific instruments. The VISIONAIRE system].","/pubmed/26952362","Tibesku CO.","Orthopade. 2016 Apr;45(4):286-93. doi: 10.1007/s00132-016-3239-8. German. ","Orthopade.  2016","PubMed","citation","PMID:26952362","pubmed","26952362","create date:2016/03/10 | first author:Tibesku CO",
"Tibial component rotation in total knee arthroplasty.","/pubmed/26883741","Feczko PZ, Pijls BG, van Steijn MJ, van Rhijn LW, Arts JJ, Emans PJ.","BMC Musculoskelet Disord. 2016 Feb 16;17:87. doi: 10.1186/s12891-016-0940-z.","BMC Musculoskelet Disord.  2016","PubMed","citation","PMID:26883741 | PMCID:PMC4756521","pubmed","26883741","create date:2016/02/18 | first author:Feczko PZ",
"What are the bias, imprecision, and limits of agreement for finding the flexion-extension plane of the knee with five tibial reference lines?","/pubmed/26875046","Brar AS, Howell SM, Hull ML.","Knee. 2016 Jun;23(3):406-11. doi: 10.1016/j.knee.2016.01.005. Epub 2016 Feb 10.","Knee.  2016","PubMed","citation","PMID:26875046","pubmed","26875046","create date:2016/02/15 | first author:Brar AS",
"Rotational alignment of the tibial component in total knee arthroplasty.","/pubmed/26855939","Indelli PF, Graceffa A, Marcucci M, Baldini A.","Ann Transl Med. 2016 Jan;4(1):3. doi: 10.3978/j.issn.2305-5839.2015.12.03. Review.","Ann Transl Med.  2016","PubMed","citation","PMID:26855939 | PMCID:PMC4716934","pubmed","26855939","create date:2016/02/09 | first author:Indelli PF",
"Inaccurate rotational component position in image-free navigated unicompartmental knee arthroplasty.","/pubmed/29264256","Toda A, Ishida K, Matsumoto T, Sasaki H, Takayama K, Kuroda R, Kurosaka M, Shibanuma N.","Asia Pac J Sports Med Arthrosc Rehabil Technol. 2016 Jan 26;3:19-24. doi: 10.1016/j.asmart.2015.12.002. eCollection 2016 Jan.","Asia Pac J Sports Med Arthrosc Rehabil Technol.  2016","PubMed","citation","PMID:29264256 | PMCID:PMC5730654","pubmed","29264256","create date:2016/01/26 | first author:Toda A",
"Favourable rotational alignment outcomes in PSI knee arthroplasty: A Level 1 systematic review and meta-analysis.","/pubmed/26782300","Mannan A, Smith TO.","Knee. 2016 Mar;23(2):186-90. doi: 10.1016/j.knee.2015.08.006. Epub 2016 Jan 15. Review.","Knee.  2016","PubMed","citation","PMID:26782300","pubmed","26782300","create date:2016/01/20 | first author:Mannan A",
"Computer-assisted total knee arthroplasty using mini midvastus or medial parapatellar approach technique: A prospective, randomized, international multicentre trial.","/pubmed/26762175","Feczko P, Engelmann L, Arts JJ, Campbell D.","BMC Musculoskelet Disord. 2016 Jan 13;17:19. doi: 10.1186/s12891-016-0872-7.","BMC Musculoskelet Disord.  2016","PubMed","citation","PMID:26762175 | PMCID:PMC4711101","pubmed","26762175","create date:2016/01/15 | first author:Feczko P",
"[Research on the reliability of the Akagi line as a reference axis to guide for rotational alignment of the proximal tibial component in total knee arthroplasty].","/pubmed/26727777","Yu HC, Wen H, Zhang Y, Hu YZ, Wu JB, Kong JZ.","Zhongguo Gu Shang. 2015 Oct;28(10):884-7. Chinese. ","Zhongguo Gu Shang.  2015","PubMed","citation","PMID:26727777","pubmed","26727777","create date:2016/01/06 | first author:Yu HC",
"Relationship between Tibial Baseplate Design and Rotational Alignment Landmarks in Primary Total Knee Arthroplasty.","/pubmed/26491564","Indelli PF, Graceffa A, Baldini A, Payne B, Pipino G, Marcucci M.","Arthritis. 2015;2015:189294. doi: 10.1155/2015/189294. Epub 2015 Sep 28.","Arthritis.  2015","PubMed","citation","PMID:26491564 | PMCID:PMC4600913","pubmed","26491564","create date:2015/10/23 | first author:Indelli PF",
"Accuracy of Proximal Tibial Bone Cut Using Anterior Border of Tibia as Bony Landmark in Total Knee Arthroplasty.","/pubmed/26233701","Nishikawa K, Mizu-uchi H, Okazaki K, Matsuda S, Tashiro Y, Iwamoto Y.","J Arthroplasty. 2015 Dec;30(12):2121-4. doi: 10.1016/j.arth.2015.06.055. Epub 2015 Jul 2.","J Arthroplasty.  2015","PubMed","citation","PMID:26233701","pubmed","26233701","create date:2015/08/04 | first author:Nishikawa K",
"Using the anatomical tibial axis for total knee arthroplasty alignment may lead to an internal rotation error.","/pubmed/26156716","Forster-Horvath C, Kremo V, Müller-Gerbl M, Nowakowski AM.","Int Orthop. 2015 Dec;39(12):2347-53. doi: 10.1007/s00264-015-2858-8. Epub 2015 Jul 9.","Int Orthop.  2015","PubMed","citation","PMID:26156716","pubmed","26156716","create date:2015/07/15 | first author:Forster-Horvath C",
"Rotational alignment of tibial components in mobile-bearing TKA: posterior substituted vs. PCL retaining.","/pubmed/26141536","Ishii Y, Noguchi H, Sato J, Todoroki K, Toyabe S.","Arch Orthop Trauma Surg. 2015 Sep;135(9):1299-305. doi: 10.1007/s00402-015-2275-x. Epub 2015 Jul 4.","Arch Orthop Trauma Surg.  2015","PubMed","citation","PMID:26141536","pubmed","26141536","create date:2015/07/05 | first author:Ishii Y",
"[Intraoperative Evaluation of Total Knee Arthroplasty: Anatomic and Kinematic Assessment with Trial Components].","/pubmed/26114563","von Roth P, Pfitzner T, Fuchs M, Perka C.","Z Orthop Unfall. 2015 Jun;153(3):317-20. doi: 10.1055/s-0035-1545968. Epub 2015 Jun 26. German. ","Z Orthop Unfall.  2015","PubMed","citation","PMID:26114563","pubmed","26114563","create date:2015/06/27 | first author:von Roth P",
"Patient-specific positioning guides for total knee arthroplasty: no significant difference between final component alignment and pre-operative digital plan except for tibial rotation.","/pubmed/26055253","Boonen B, Schotanus MGM, Kerens B, Hulsmans FJ, Tuinebreijer WE, Kort NP.","Knee Surg Sports Traumatol Arthrosc. 2017 Sep;25(9):2809-2817. doi: 10.1007/s00167-015-3661-1. Epub 2015 Jun 9.","Knee Surg Sports Traumatol Arthrosc.  2017","PubMed","citation","PMID:26055253 | PMCID:PMC5570763","pubmed","26055253","create date:2015/06/10 | first author:Boonen B",
"Measuring tibial component rotation of TKA in MRI: What is reproducible?","/pubmed/26043879","Heyse TJ, Stiehl JB, Tibesku CO.","Knee. 2015 Dec;22(6):604-8. doi: 10.1016/j.knee.2015.01.009. Epub 2015 Jun 1.","Knee.  2015","PubMed","citation","PMID:26043879","pubmed","26043879","create date:2015/06/06 | first author:Heyse TJ",
"Evaluation of alignment in total knee arthroplasty: a prospective study.","/pubmed/26026693","Manjunath KS, Gopalakrishna KG, Vineeth G.","Eur J Orthop Surg Traumatol. 2015 Jul;25(5):895-903. doi: 10.1007/s00590-015-1638-x. Epub 2015 May 31.","Eur J Orthop Surg Traumatol.  2015","PubMed","citation","PMID:26026693","pubmed","26026693","create date:2015/06/01 | first author:Manjunath KS",
"Knee alignment in the transverse plane during weight-bearing activity and its implication for the tibial rotational alignment in total knee arthroplasty.","/pubmed/25936578","Yin L, Chen K, Guo L, Cheng L, Wang F, Yang L.","Clin Biomech (Bristol, Avon). 2015 Jul;30(6):565-71. doi: 10.1016/j.clinbiomech.2015.04.003. Epub 2015 Apr 15.","Clin Biomech (Bristol, Avon).  2015","PubMed","citation","PMID:25936578","pubmed","25936578","create date:2015/05/06 | first author:Yin L",
"Distal femoral condyle is more internally rotated to the patellar tendon at 90° of flexion in normal knees.","/pubmed/25906977","Kawahara S, Okazaki K, Matsuda S, Nakahara H, Okamoto S, Iwamoto Y.","J Orthop Surg Res. 2015 Apr 25;10:54. doi: 10.1186/s13018-015-0197-5.","J Orthop Surg Res.  2015","PubMed","citation","PMID:25906977 | PMCID:PMC4410736","pubmed","25906977","create date:2015/04/25 | first author:Kawahara S",
"Accuracy of patient-specific instrumentation compared with conventional instrumentation in total knee arthroplasty.","/pubmed/25901624","Jiang J, Kang X, Lin Q, Teng Y, An L, Ma J, Wang J, Xia Y.","Orthopedics. 2015 Apr;38(4):e305-13. doi: 10.3928/01477447-20150402-59. Review.","Orthopedics.  2015","PubMed","citation","PMID:25901624","pubmed","25901624","create date:2015/04/23 | first author:Jiang J",
"Improved tibial component rotation in TKA using patient-specific instrumentation.","/pubmed/25824873","Heyse TJ, Tibesku CO.","Arch Orthop Trauma Surg. 2015 May;135(5):697-701. doi: 10.1007/s00402-015-2157-2. Epub 2015 Apr 1.","Arch Orthop Trauma Surg.  2015","PubMed","citation","PMID:25824873","pubmed","25824873","create date:2015/04/01 | first author:Heyse TJ",
"No demonstrable benefit for coronal alignment outcomes in PSI knee arthroplasty: A systematic review and meta-analysis.","/pubmed/25802069","Mannan A, Smith TO, Sagar C, London NJ, Molitor PJ.","Orthop Traumatol Surg Res. 2015 Jun;101(4):461-8. doi: 10.1016/j.otsr.2014.12.018. Epub 2015 Mar 20. Review.","Orthop Traumatol Surg Res.  2015","PubMed","citation","PMID:25802069","pubmed","25802069","create date:2015/03/25 | first author:Mannan A",
"Rotational alignment of the tibial component affects the kinematic rotation of a weight-bearing knee after total knee arthroplasty.","/pubmed/25800285","Nakahara H, Okazaki K, Hamai S, Kawahara S, Higaki H, Mizu-uchi H, Iwamoto Y.","Knee. 2015 Jun;22(3):201-5. doi: 10.1016/j.knee.2015.01.002. Epub 2015 Jan 17.","Knee.  2015","PubMed","citation","PMID:25800285","pubmed","25800285","create date:2015/03/25 | first author:Nakahara H",
"Patient-specific instrumentation does not improve accuracy in total knee arthroplasty.","/pubmed/25760504","Shen C, Tang ZH, Hu JZ, Zou GY, Xiao RC, Yan DX.","Orthopedics. 2015 Mar;38(3):e178-88. doi: 10.3928/01477447-20150305-54.","Orthopedics.  2015","PubMed","citation","PMID:25760504","pubmed","25760504","create date:2015/03/12 | first author:Shen C",
"Bone cement solidifiliation influence the limb alignment and gap balance during TKA.","/pubmed/25688349","Shi D, Xu X, Guo A, Dai J, Xu Z, Chen D, Jiang Q.","Biomed Res Int. 2015;2015:109402. doi: 10.1155/2015/109402. Epub 2015 Jan 22.","Biomed Res Int.  2015","PubMed","citation","PMID:25688349 | PMCID:PMC4320926","pubmed","25688349","create date:2015/02/18 | first author:Shi D",
"How to minimize rotational conflict between femoral & tibial component in total knee arthroplasty: the use of femoro-tibial axial synchronizer (Linker).","/pubmed/25683995","Seo JG, Moon YW, Kim SM, Park SH.","Yonsei Med J. 2015 Mar;56(2):454-9. doi: 10.3349/ymj.2015.56.2.454.","Yonsei Med J.  2015","PubMed","citation","PMID:25683995 | PMCID:PMC4329358","pubmed","25683995","create date:2015/02/17 | first author:Seo JG",
"[Significance of biomechanical criteria in proper treatment planning in knee osteoarthritis].","/pubmed/29522302","Pozowski A, Kowal M, Kierzek A, Kuciel-Lewandowska J, Tradecki M, Paprocka-Borowicz M.","Pomeranian J Life Sci. 2015;61(4):363-7. Polish. ","Pomeranian J Life Sci.  2015","PubMed","citation","PMID:29522302","pubmed","29522302","create date:2015/01/01 | first author:Pozowski A",
"Intraoperative navigation of patient-specific instrumentation does not predict final implant position.","/pubmed/25486944","Abdel MP, von Roth P, Hommel H, Perka C, Pfitzner T.","J Arthroplasty. 2015 Apr;30(4):564-6. doi: 10.1016/j.arth.2014.11.005. Epub 2014 Nov 11.","J Arthroplasty.  2015","PubMed","citation","PMID:25486944","pubmed","25486944","create date:2014/12/10 | first author:Abdel MP",
"Is the surgical epicondylar axis the center of rotation in the osteoarthritic knee?","/pubmed/25466167","Kobayashi H, Akamatsu Y, Kumagai K, Kusayama Y, Aratake M, Saito T.","J Arthroplasty. 2015 Mar;30(3):479-83. doi: 10.1016/j.arth.2014.10.024. Epub 2014 Oct 25.","J Arthroplasty.  2015","PubMed","citation","PMID:25466167","pubmed","25466167","create date:2014/12/04 | first author:Kobayashi H",
"Comparison of planned and achieved implant position in total knee arthroplasty with patient-specific positioning guides.","/pubmed/25386738","Leeuwen JA, Grøgaard B, Nordsletten L, Röhrl SM.","Acta Orthop. 2015 Apr;86(2):201-7. doi: 10.3109/17453674.2014.985154. Epub 2014 Nov 11.","Acta Orthop.  2015","PubMed","citation","PMID:25386738 | PMCID:PMC4404771","pubmed","25386738","create date:2014/11/12 | first author:Leeuwen JA",
"The anteroposterior axis of the tibia in Korean patients undergoing total knee replacement.","/pubmed/25371461","Kim CW, Seo SS, Kim JH, Roh SM, Lee CR.","Bone Joint J. 2014 Nov;96-B(11):1485-90. doi: 10.1302/0301-620X.96B11.33794.","Bone Joint J.  2014","PubMed","citation","PMID:25371461","pubmed","25371461","create date:2014/11/06 | first author:Kim CW",
"Differences in component and limb alignment between computer-assisted and conventional surgery total knee arthroplasty.","/pubmed/25331655","Huang TW, Peng KT, Huang KC, Lee MS, Hsu RW.","Knee Surg Sports Traumatol Arthrosc. 2014 Dec;22(12):2954-61. doi: 10.1007/s00167-014-3331-8. Epub 2014 Oct 21.","Knee Surg Sports Traumatol Arthrosc.  2014","PubMed","citation","PMID:25331655","pubmed","25331655","create date:2014/10/22 | first author:Huang TW",
"Radiographic outcome of limb-based versus knee-based patient specific guides in total knee arthroplasty.","/pubmed/25218970","Crane C, Marimuthu K, Chen DB, Harris IA, Wheatley E, MacDessi SJ.","Knee. 2014 Dec;21(6):1244-9. doi: 10.1016/j.knee.2014.08.013. Epub 2014 Sep 11.","Knee.  2014","PubMed","citation","PMID:25218970","pubmed","25218970","create date:2014/09/15 | first author:Crane C",
"Measured resection versus gap balancing technique for femoral rotational alignment: a prospective study.","/pubmed/25163946","Nikolaides AP, Kenanidis EI, Papavasiliou KA, Sayegh FE, Tsitouridis I, Kapetanos GA.","J Orthop Surg (Hong Kong). 2014 Aug;22(2):158-62.","J Orthop Surg (Hong Kong).  2014","PubMed","citation","PMID:25163946","pubmed","25163946","create date:2014/08/29 | first author:Nikolaides AP",
"Computer-assisted surgery improves rotational positioning of the femoral component but not the tibial component in total knee arthroplasty.","/pubmed/25155048","Hernandez-Vaquero D, Noriega-Fernandez A, Fernandez-Carreira JM, Fernandez-Simon JM, Llorens de los Rios J.","Knee Surg Sports Traumatol Arthrosc. 2014 Dec;22(12):3127-34. doi: 10.1007/s00167-014-3233-9. Epub 2014 Aug 26.","Knee Surg Sports Traumatol Arthrosc.  2014","PubMed","citation","PMID:25155048","pubmed","25155048","create date:2014/08/27 | first author:Hernandez-Vaquero D",
"Relationship of the posterior femoral axis of the ""kinematically aligned"" total knee arthroplasty to the posterior condylar, transepicondylar, and anteroposterior femoral axes.","/pubmed/25112211","Park A, Duncan ST, Nunley RM, Keeney JA, Barrack RL, Nam D.","Knee. 2014 Dec;21(6):1120-3. doi: 10.1016/j.knee.2014.07.025. Epub 2014 Jul 25.","Knee.  2014","PubMed","citation","PMID:25112211 | PMCID:PMC4267996","pubmed","25112211","create date:2014/08/13 | first author:Park A",
"Tibial rotational alignment was significantly improved by use of a CT-navigated control device in total knee arthroplasty.","/pubmed/25070900","Kuriyama S, Hyakuna K, Inoue S, Tamaki Y, Ito H, Matsuda S.","J Arthroplasty. 2014 Dec;29(12):2352-6. doi: 10.1016/j.arth.2014.06.016. Epub 2014 Jun 28.","J Arthroplasty.  2014","PubMed","citation","PMID:25070900","pubmed","25070900","create date:2014/07/30 | first author:Kuriyama S",
"Small improvements in mechanical axis alignment achieved with MRI versus CT-based patient-specific instruments in TKA: a randomized clinical trial.","/pubmed/25024031","Pfitzner T, Abdel MP, von Roth P, Perka C, Hommel H.","Clin Orthop Relat Res. 2014 Oct;472(10):2913-22. doi: 10.1007/s11999-014-3784-6. Epub 2014 Jul 15.","Clin Orthop Relat Res.  2014","PubMed","citation","PMID:25024031 | PMCID:PMC4160476","pubmed","25024031","create date:2014/07/16 | first author:Pfitzner T",
"Tibial component alignment and risk of loosening in unicompartmental knee arthroplasty: a radiographic and radiostereometric study.","/pubmed/24972998","Barbadoro P, Ensini A, Leardini A, d'Amato M, Feliciangeli A, Timoncini A, Amadei F, Belvedere C, Giannini S.","Knee Surg Sports Traumatol Arthrosc. 2014 Dec;22(12):3157-62. doi: 10.1007/s00167-014-3147-6. Epub 2014 Jun 28.","Knee Surg Sports Traumatol Arthrosc.  2014","PubMed","citation","PMID:24972998","pubmed","24972998","create date:2014/06/29 | first author:Barbadoro P",
"How Frequently Do Four Methods for Mechanically Aligning a Total Knee Arthroplasty Cause Collateral Ligament Imbalance and Change Alignment from Normal in White Patients? AAOS Exhibit Selection.","/pubmed/24951744","Gu Y, Roth JD, Howell SM, Hull ML.","J Bone Joint Surg Am. 2014 Jun 18;96(12):e101.","J Bone Joint Surg Am.  2014","PubMed","citation","PMID:24951744","pubmed","24951744","create date:2014/06/22 | first author:Gu Y",
"Component position alignment with patient-specific jigs in total knee arthroplasty.","/pubmed/24946273","Moopanar TR, Amaranath JE, Sorial RM.","ANZ J Surg. 2014 Sep;84(9):628-32. doi: 10.1111/ans.12674. Epub 2014 Jun 19.","ANZ J Surg.  2014","PubMed","citation","PMID:24946273","pubmed","24946273","create date:2014/06/20 | first author:Moopanar TR",
"The effect of malrotation of tibial component of total knee arthroplasty on tibial insert during high flexion using a finite element analysis.","/pubmed/24895658","Osano K, Nagamine R, Todo M, Kawasaki M.","ScientificWorldJournal. 2014;2014:695028. doi: 10.1155/2014/695028. Epub 2014 May 8.","ScientificWorldJournal.  2014","PubMed","citation","PMID:24895658 | PMCID:PMC4033539","pubmed","24895658","create date:2014/06/05 | first author:Osano K",
"Rotational alignment of the distal femur: anthropometric measurements with CT-based patient-specific instruments planning show high variability of the posterior condylar angle.","/pubmed/24888223","Thienpont E, Schwab PE, Paternostre F, Koch P.","Knee Surg Sports Traumatol Arthrosc. 2014 Dec;22(12):2995-3002. doi: 10.1007/s00167-014-3086-2. Epub 2014 Jun 3.","Knee Surg Sports Traumatol Arthrosc.  2014","PubMed","citation","PMID:24888223","pubmed","24888223","create date:2014/06/04 | first author:Thienpont E",
"Influence of the optical system and anatomic points on computer-assisted total knee arthroplasty.","/pubmed/24835533","Schlatterer B, Linares JM, Chabrand P, Sprauel JM, Argenson JN.","Orthop Traumatol Surg Res. 2014 Jun;100(4):395-402. doi: 10.1016/j.otsr.2013.12.029. Epub 2014 May 14.","Orthop Traumatol Surg Res.  2014","PubMed","citation","PMID:24835533","pubmed","24835533","create date:2014/05/20 | first author:Schlatterer B",
"Change in tibiofemoral rotational alignment during total knee arthroplasty.","/pubmed/24817492","Watanabe S, Sato T, Omori G, Koga Y, Endo N.","J Orthop Sci. 2014 Jul;19(4):571-8. doi: 10.1007/s00776-014-0565-8. Epub 2014 May 10.","J Orthop Sci.  2014","PubMed","citation","PMID:24817492","pubmed","24817492","create date:2014/05/13 | first author:Watanabe S",
"Total Ankle Arthroplasty Accuracy and Reproducibility Using Preoperative CT Scan-Derived, Patient-Specific Guides.","/pubmed/24719401","Berlet GC, Penner MJ, Lancianese S, Stemniski PM, Obert RM.","Foot Ankle Int. 2014 Jul;35(7):665-76. doi: 10.1177/1071100714531232. Epub 2014 Apr 9.","Foot Ankle Int.  2014","PubMed","citation","PMID:24719401","pubmed","24719401","create date:2014/04/11 | first author:Berlet GC",
"Human tibial torsion--morphometric assessment and clinical relevance.","/pubmed/24667672","Gandhi S, Singla RK, Kullar JS, Agnihotri G, Mehta V, Suri RK, Rath G.","Biomed J. 2014 Jan-Feb;37(1):10-3. doi: 10.4103/2319-4170.117890.","Biomed J.  2014","PubMed","citation","PMID:24667672","pubmed","24667672","create date:2014/03/29 | first author:Gandhi S",
"Internal rotation of femoral component affects functional activities after TKA--survey with the 2011 Knee Society Score.","/pubmed/24388616","Kawahara S, Okazaki K, Matsuda S, Nakahara H, Okamoto S, Iwamoto Y.","J Arthroplasty. 2014 Dec;29(12):2319-23. doi: 10.1016/j.arth.2013.11.017. Epub 2013 Dec 1.","J Arthroplasty.  2014","PubMed","citation","PMID:24388616","pubmed","24388616","create date:2014/01/07 | first author:Kawahara S",
"Relationship between the tibial mechanical axis and bony anatomical landmarks of the calf and foot as measured on radiographs obtained with a new laser-calibrated position.","/pubmed/24191987","He P, Zhu Q, Zhang Z, Zou X, Xu D.","J Xray Sci Technol. 2013;21(4):497-506. doi: 10.3233/XST-130400.","J Xray Sci Technol.  2013","PubMed","citation","PMID:24191987","pubmed","24191987","create date:2013/11/07 | first author:He P",
"Rotational alignment of the tibial component in total knee arthroplasty: the anterior tibial cortex is a reliable landmark.","/pubmed/25606527","Baldini A, Indelli PF, DE Luca L, Mariani PC, Marcucci M.","Joints. 2014 Mar 21;1(4):155-60. eCollection 2013 Oct-Dec.","Joints.  2013","PubMed","citation","PMID:25606527 | PMCID:PMC4295710","pubmed","25606527","create date:2013/10/01 | first author:Baldini A",
"Accurate alignment and high function after kinematically aligned TKA performed with generic instruments.","/pubmed/23948721","Howell SM, Papadopoulos S, Kuznik KT, Hull ML.","Knee Surg Sports Traumatol Arthrosc. 2013 Oct;21(10):2271-80. doi: 10.1007/s00167-013-2621-x. Epub 2013 Aug 15.","Knee Surg Sports Traumatol Arthrosc.  2013","PubMed","citation","PMID:23948721","pubmed","23948721","create date:2013/08/21 | first author:Howell SM",
"Rotation in total knee arthroplasty: no difference between patient-specific and conventional instrumentation.","/pubmed/23942938","Parratte S, Blanc G, Boussemart T, Ollivier M, Le Corroller T, Argenson JN.","Knee Surg Sports Traumatol Arthrosc. 2013 Oct;21(10):2213-9. doi: 10.1007/s00167-013-2623-8. Epub 2013 Aug 14.","Knee Surg Sports Traumatol Arthrosc.  2013","PubMed","citation","PMID:23942938","pubmed","23942938","create date:2013/08/15 | first author:Parratte S",
"Patient-specific total knee arthroplasty: the importance of planning by the surgeon.","/pubmed/23942881","Pietsch M, Djahani O, Hochegger M, Plattner F, Hofmann S.","Knee Surg Sports Traumatol Arthrosc. 2013 Oct;21(10):2220-6. doi: 10.1007/s00167-013-2624-7. Epub 2013 Aug 13.","Knee Surg Sports Traumatol Arthrosc.  2013","PubMed","citation","PMID:23942881","pubmed","23942881","create date:2013/08/15 | first author:Pietsch M",
"Maximizing tibial coverage is detrimental to proper rotational alignment.","/pubmed/23653101","Martin S, Saurez A, Ismaily S, Ashfaq K, Noble P, Incavo SJ.","Clin Orthop Relat Res. 2014 Jan;472(1):121-5. doi: 10.1007/s11999-013-3047-y.","Clin Orthop Relat Res.  2014","PubMed","citation","PMID:23653101 | PMCID:PMC3889435","pubmed","23653101","create date:2013/05/09 | first author:Martin S",
"Computed tomographic evaluation of femoral component rotation in total knee arthroplasty.","/pubmed/23532377","Vaidya SV, Gadhiya RM, Bagaria V, Ranawat AS, Ranawat CS.","Indian J Orthop. 2013 Jan;47(1):40-4. doi: 10.4103/0019-5413.106898.","Indian J Orthop.  2013","PubMed","citation","PMID:23532377 | PMCID:PMC3601232","pubmed","23532377","create date:2013/03/28 | first author:Vaidya SV",
"The effect of rotational fixation error of the tibial cutting guide and the distance between the guide and the bone on the tibial osteotomy in total knee arthroplasty.","/pubmed/23528550","Tsukeoka T, Tsuneizumi Y, Lee TH.","J Arthroplasty. 2013 Aug;28(7):1094-8. doi: 10.1016/j.arth.2012.12.008. Epub 2013 Mar 23.","J Arthroplasty.  2013","PubMed","citation","PMID:23528550","pubmed","23528550","create date:2013/03/27 | first author:Tsukeoka T",
"A novel and reproducible reference axis for distal tibial axial rotation.","/pubmed/23489723","Enomoto H, Nakamura T, Waseda A, Niki Y, Toyama Y, Suda Y.","J Arthroplasty. 2013 May;28(5):788-91. doi: 10.1016/j.arth.2012.11.005. Epub 2013 Mar 11.","J Arthroplasty.  2013","PubMed","citation","PMID:23489723","pubmed","23489723","create date:2013/03/16 | first author:Enomoto H",
"Medial sixth of the patellar tendon at the tibial attachment is useful for the anterior reference in rotational alignment of the tibial component.","/pubmed/23479057","Kawahara S, Okazaki K, Matsuda S, Mitsuyasu H, Nakahara H, Okamoto S, Iwamoto Y.","Knee Surg Sports Traumatol Arthrosc. 2014 May;22(5):1070-5. doi: 10.1007/s00167-013-2468-1. Epub 2013 Mar 12.","Knee Surg Sports Traumatol Arthrosc.  2014","PubMed","citation","PMID:23479057","pubmed","23479057","create date:2013/03/13 | first author:Kawahara S",
"Comparative study of anatomical landmark technique and self-aligned tibial component rotation determined by computer-assisted TKA.","/pubmed/23451436","Chotanaphuti T, Panichcharoen W, Laoruengthana A.","J Med Assoc Thai. 2012 Oct;95 Suppl 10:S37-41.","J Med Assoc Thai.  2012","PubMed","citation","PMID:23451436","pubmed","23451436","create date:2013/03/05 | first author:Chotanaphuti T",
"Is there a gold standard for TKA tibial component rotational alignment?","/pubmed/23392991","Hutter EE, Granger JF, Beal MD, Siston RA.","Clin Orthop Relat Res. 2013 May;471(5):1646-53. doi: 10.1007/s11999-013-2822-0. Epub 2013 Feb 8.","Clin Orthop Relat Res.  2013","PubMed","citation","PMID:23392991 | PMCID:PMC3613530","pubmed","23392991","create date:2013/02/09 | first author:Hutter EE",
"Rotational limb alignment changes following total knee arthroplasty.","/pubmed/23188500","Hauschild O, Muenzberg M, Knothe D, Konstantinidis L, Helwig P, Sudkamp NP, Thielemann FW.","Knee Surg Sports Traumatol Arthrosc. 2013 Oct;21(10):2346-54. doi: 10.1007/s00167-012-2322-x. Epub 2012 Nov 28.","Knee Surg Sports Traumatol Arthrosc.  2013","PubMed","citation","PMID:23188500","pubmed","23188500","create date:2012/11/29 | first author:Hauschild O",
"One-stage total knee arthroplasty for patients with osteoarthritis of the knee and extra-articular deformity.","/pubmed/23132502","Xiao-Gang Z, Shahzad K, Li C.","Int Orthop. 2012 Dec;36(12):2457-63. doi: 10.1007/s00264-012-1695-2. Epub 2012 Nov 7.","Int Orthop.  2012","PubMed","citation","PMID:23132502 | PMCID:PMC3508045","pubmed","23132502","create date:2012/11/08 | first author:Xiao-Gang Z",
"Tibial torsion among filipinos: a cadaveric study.","/pubmed/25279052","Villamin C, Syquia J.","Malays Orthop J. 2012 Nov;6(3):27-30. doi: 10.5704/MOJ.1207.017.","Malays Orthop J.  2012","PubMed","citation","PMID:25279052 | PMCID:PMC4093600","pubmed","25279052","create date:2012/11/01 | first author:Villamin C",
"Prosthesis alignment affects axial rotation motion after total knee replacement: a prospective in vivo study combining computed tomography and fluoroscopic evaluations.","/pubmed/23088451","Harman MK, Banks SA, Kirschner S, Lützner J.","BMC Musculoskelet Disord. 2012 Oct 23;13:206. doi: 10.1186/1471-2474-13-206.","BMC Musculoskelet Disord.  2012","PubMed","citation","PMID:23088451 | PMCID:PMC3575259","pubmed","23088451","create date:2012/10/24 | first author:Harman MK",
"Robot-assisted implantation improves the precision of component position in minimally invasive TKA.","/pubmed/22955398","Kim SM, Park YS, Ha CW, Lim SJ, Moon YW.","Orthopedics. 2012 Sep;35(9):e1334-9. doi: 10.3928/01477447-20120822-18.","Orthopedics.  2012","PubMed","citation","PMID:22955398","pubmed","22955398","create date:2012/09/08 | first author:Kim SM",
"MRI evaluation of rotational alignment and synovitis in patients with pain after total knee replacement.","/pubmed/22933492","Murakami AM, Hash TW, Hepinstall MS, Lyman S, Nestor BJ, Potter HG.","J Bone Joint Surg Br. 2012 Sep;94(9):1209-15. doi: 10.1302/0301-620X.94B9.28489.","J Bone Joint Surg Br.  2012","PubMed","citation","PMID:22933492","pubmed","22933492","create date:2012/08/31 | first author:Murakami AM",
"Alignment for total knee replacement: a comparison of kinematic axis versus mechanical axis techniques. A cadaver study.","/pubmed/22890847","Nogler M, Hozack W, Collopy D, Mayr E, Deirmengian G, Sekyra K.","Int Orthop. 2012 Nov;36(11):2249-53. doi: 10.1007/s00264-012-1642-2. Epub 2012 Aug 14.","Int Orthop.  2012","PubMed","citation","PMID:22890847 | PMCID:PMC3479289","pubmed","22890847","create date:2012/08/15 | first author:Nogler M",
"A new approach to implant alignment and ligament balancing in total knee arthroplasty focussing on joint loads.","/pubmed/22868781","Zimmermann F, Schwenninger C, Nolten U, Firmbach FP, Elfring R, Radermacher K.","Biomed Tech (Berl). 2012 May 6;57(4):283-91. doi: 10.1515/bmt-2011-0094.","Biomed Tech (Berl).  2012","PubMed","citation","PMID:22868781","pubmed","22868781","create date:2012/08/08 | first author:Zimmermann F",
"Aligning the tibial component with medial border of the tibial tubercle--is it always right?","/pubmed/22789681","Tao K, Cai M, Zhu Y, Lou L, Cai Z.","Knee. 2014 Jan;21(1):295-8. doi: 10.1016/j.knee.2012.06.007. Epub 2012 Jul 11.","Knee.  2014","PubMed","citation","PMID:22789681","pubmed","22789681","create date:2012/07/14 | first author:Tao K",
"Centre of the posterior cruciate ligament and the sulcus between tubercle spines are reliable landmarks for tibial component placement.","/pubmed/22751944","Sahin N, Atıcı T, Kurtoğlu Ü, Turgut A, Ozkaya G, Ozkan Y.","Knee Surg Sports Traumatol Arthrosc. 2013 Oct;21(10):2384-91. doi: 10.1007/s00167-012-2120-5. Epub 2012 Jul 3.","Knee Surg Sports Traumatol Arthrosc.  2013","PubMed","citation","PMID:22751944","pubmed","22751944","create date:2012/07/04 | first author:Sahin N",
"Rotational alignment of femoral component for minimal medial collateral ligament release in total knee arthroplasty.","/pubmed/22570827","Chon JG, Sun DH, Jung JY, Kim TI, Jang SW.","Knee Surg Relat Res. 2011 Sep;23(3):153-8. doi: 10.5792/ksrr.2011.23.3.153. Epub 2011 Sep 26.","Knee Surg Relat Res.  2011","PubMed","citation","PMID:22570827 | PMCID:PMC3341835","pubmed","22570827","create date:2012/05/10 | first author:Chon JG",
"Variability of the location of the tibial tubercle affects the rotational alignment of the tibial component in kinematically aligned total knee arthroplasty.","/pubmed/22476525","Howell SM, Chen J, Hull ML.","Knee Surg Sports Traumatol Arthrosc. 2013 Oct;21(10):2288-95. doi: 10.1007/s00167-012-1987-5. Epub 2012 Apr 5.","Knee Surg Sports Traumatol Arthrosc.  2013","PubMed","citation","PMID:22476525","pubmed","22476525","create date:2012/04/06 | first author:Howell SM",
"Comparison of robot-assisted and conventional total knee arthroplasty: a controlled cadaver study using multiparameter quantitative three-dimensional CT assessment of alignment.","/pubmed/22348661","Moon YW, Ha CW, Do KH, Kim CY, Han JH, Na SE, Lee CH, Kim JG, Park YS.","Comput Aided Surg. 2012;17(2):86-95. doi: 10.3109/10929088.2012.654408.","Comput Aided Surg.  2012","PubMed","citation","PMID:22348661","pubmed","22348661","create date:2012/02/22 | first author:Moon YW",
"Rotational alignment in total knee arthroplasty: nonimage-based navigation system versus conventional technique.","/pubmed/22340552","Zhang XL, Zhang W, Shao JJ.","Chin Med J (Engl). 2012 Jan;125(2):236-43.","Chin Med J (Engl).  2012","PubMed","citation","PMID:22340552","pubmed","22340552","create date:2012/02/22 | first author:Zhang XL",
"Relationship between the tibial anteroposterior axis and the surgical epicondylar axis in varus and valgus knees.","/pubmed/22205094","Kawahara S, Matsuda S, Okazaki K, Tashiro Y, Mitsuyasu H, Nakahara H, Iwamoto Y.","Knee Surg Sports Traumatol Arthrosc. 2012 Oct;20(10):2077-81. Epub 2011 Dec 29.","Knee Surg Sports Traumatol Arthrosc.  2012","PubMed","citation","PMID:22205094","pubmed","22205094","create date:2011/12/30 | first author:Kawahara S",
"Comparison of the tibiofemoral rotational alignment after mobile and fixed bearing total knee arthroplasty.","/pubmed/22057385","Kim D, Seong SC, Lee MC, Lee S.","Knee Surg Sports Traumatol Arthrosc. 2012 Feb;20(2):337-45. doi: 10.1007/s00167-011-1750-3. Epub 2011 Nov 6.","Knee Surg Sports Traumatol Arthrosc.  2012","PubMed","citation","PMID:22057385","pubmed","22057385","create date:2011/11/08 | first author:Kim D",
"Is the medial wall of the intercondylar notch useful for tibial rotational reference in unicompartmental knee arthroplasty?","/pubmed/22015998","Kawahara S, Matsuda S, Okazaki K, Tashiro Y, Iwamoto Y.","Clin Orthop Relat Res. 2012 Apr;470(4):1177-84. doi: 10.1007/s11999-011-2138-x. Epub 2011 Oct 21.","Clin Orthop Relat Res.  2012","PubMed","citation","PMID:22015998 | PMCID:PMC3293949","pubmed","22015998","create date:2011/10/22 | first author:Kawahara S",
"Rotational positioning of the tibial tray in total knee arthroplasty: a CT evaluation.","/pubmed/21993150","Berhouet J, Beaufils P, Boisrenoult P, Frasca D, Pujol N.","Orthop Traumatol Surg Res. 2011 Nov;97(7):699-704. doi: 10.1016/j.otsr.2011.05.006. Epub 2011 Oct 10.","Orthop Traumatol Surg Res.  2011","PubMed","citation","PMID:21993150","pubmed","21993150","create date:2011/10/14 | first author:Berhouet J",
"Influence of the position of the fibular head after implantation of a total knee prosthesis on femorotibial rotation.","/pubmed/21956054","Matziolis G, Pfitzner T, Thiele K, Matziolis D, Perka C.","Orthopedics. 2011 Oct 5;34(10):e610-4. doi: 10.3928/01477447-20110826-16.","Orthopedics.  2011","PubMed","citation","PMID:21956054","pubmed","21956054","create date:2011/10/01 | first author:Matziolis G",
"Accuracy of anatomical references used for rotational alignment of tibial component in total knee arthroplasty.","/pubmed/21761232","Sahin N, Atıcı T, Öztürk A, Özkaya G, Özkan Y, Avcu B.","Knee Surg Sports Traumatol Arthrosc. 2012 Mar;20(3):565-70. doi: 10.1007/s00167-011-1606-x. Epub 2011 Jul 15.","Knee Surg Sports Traumatol Arthrosc.  2012","PubMed","citation","PMID:21761232","pubmed","21761232","create date:2011/07/16 | first author:Sahin N",
"Reliability of frames of reference used for tibial component rotation in total knee arthroplasty.","/pubmed/21291345","Page SR, Deakin AH, Payne AP, Picard F.","Comput Aided Surg. 2011;16(2):86-92. doi: 10.3109/10929088.2011.552252. Epub 2011 Feb 4.","Comput Aided Surg.  2011","PubMed","citation","PMID:21291345","pubmed","21291345","create date:2011/02/05 | first author:Page SR",
"Imageless navigation system does not improve component rotational alignment in total knee arthroplasty.","/pubmed/21176919","Cheng T, Zhang G, Zhang X.","J Surg Res. 2011 Dec;171(2):590-600. doi: 10.1016/j.jss.2010.05.006. Epub 2010 Oct 31. Review.","J Surg Res.  2011","PubMed","citation","PMID:21176919","pubmed","21176919","create date:2010/12/24 | first author:Cheng T",
"Femoral component rotation in patients with leg axis deviation.","/pubmed/21161176","Classen T, Landgraeber S, Wegner A, Müller RD, von Knoch M.","Knee Surg Sports Traumatol Arthrosc. 2011 Jul;19(7):1077-81. doi: 10.1007/s00167-010-1344-5. Epub 2010 Dec 15.","Knee Surg Sports Traumatol Arthrosc.  2011","PubMed","citation","PMID:21161176","pubmed","21161176","create date:2010/12/17 | first author:Classen T",
"Accuracy of single-plane fluoroscopy in determining relative position and orientation of total knee replacement components.","/pubmed/21092967","Acker S, Li R, Murray H, John PS, Banks S, Mu S, Wyss U, Deluzio K.","J Biomech. 2011 Feb 24;44(4):784-7. doi: 10.1016/j.jbiomech.2010.10.033. Epub 2010 Nov 18.","J Biomech.  2011","PubMed","citation","PMID:21092967","pubmed","21092967","create date:2010/11/26 | first author:Acker S",
"[Radiographic measurements in total knee arthroplasty and their role in clinical practice].","/pubmed/21059328","Koudela K Jr, Koudelová J, Koudela K Sr, Kunešová M, Křen J, Pokorný J.","Acta Chir Orthop Traumatol Cech. 2010 Aug;77(4):304-11. Czech. ","Acta Chir Orthop Traumatol Cech.  2010","PubMed","citation","PMID:21059328","pubmed","21059328","create date:2010/11/10 | first author:Koudela K Jr",
"Imageless navigation assisted total knee arthroplasty with comprehensive gap balancing in medial osteoarthritic varus knees with anatomic variations.","/pubmed/20807170","Tyagi V, Kim TH, Hwang JH, Oh KJ.","Comput Aided Surg. 2010;15(4-6):90-7. doi: 10.3109/10929088.2010.506987. Epub 2010 Sep 1.","Comput Aided Surg.  2010","PubMed","citation","PMID:20807170","pubmed","20807170","create date:2010/09/03 | first author:Tyagi V",
"Is the anterior tibial tuberosity a reliable rotational landmark for the tibial component in total knee arthroplasty?","/pubmed/20452177","Bonnin MP, Saffarini M, Mercier PE, Laurent JR, Carrillon Y.","J Arthroplasty. 2011 Feb;26(2):260-7.e1-2. doi: 10.1016/j.arth.2010.03.015. Epub 2010 May 8.","J Arthroplasty.  2011","PubMed","citation","PMID:20452177","pubmed","20452177","create date:2010/05/11 | first author:Bonnin MP",
"Rotational references for total knee arthroplasty tibial components change with level of resection.","/pubmed/20352384","Graw BP, Harris AH, Tripuraneni KR, Giori NJ.","Clin Orthop Relat Res. 2010 Oct;468(10):2734-8. doi: 10.1007/s11999-010-1330-8. Epub 2010 Mar 30.","Clin Orthop Relat Res.  2010","PubMed","citation","PMID:20352384 | PMCID:PMC3049615","pubmed","20352384","create date:2010/03/31 | first author:Graw BP",
"[Computer-assisted total knee replacement (TKR) using Orthopilot navigation system].","/pubmed/20349171","Magin MN.","Oper Orthop Traumatol. 2010 Mar;22(1):63-80. doi: 10.1007/s00064-010-3007-1. German. ","Oper Orthop Traumatol.  2010","PubMed","citation","PMID:20349171","pubmed","20349171","create date:2010/03/30 | first author:Magin MN",
"Rotational alignment of the tibial component in total knee arthroplasty is better at the medial third of tibial tuberosity than at the medial border.","/pubmed/20338042","Lützner J, Krummenauer F, Günther KP, Kirschner S.","BMC Musculoskelet Disord. 2010 Mar 25;11:57. doi: 10.1186/1471-2474-11-57.","BMC Musculoskelet Disord.  2010","PubMed","citation","PMID:20338042 | PMCID:PMC2858718","pubmed","20338042","create date:2010/03/27 | first author:Lützner J",
"[Accuracy of rotational positioning of the femoral component using the tibial-cut-first technique].","/pubmed/20135610","Classen T, Wegner A, Müller RD, von Knoch M.","Z Orthop Unfall. 2011 Dec;149(6):626-9. doi: 10.1055/s-0029-1240587. Epub 2009 Dec 16. German. ","Z Orthop Unfall.  2011","PubMed","citation","PMID:20135610","pubmed","20135610","create date:2010/02/06 | first author:Classen T",
"Evaluation of tibial rotational alignment in total knee arthroplasty: a cadaver study.","/pubmed/20057997","Rossi R, Bruzzone M, Bonasia DE, Marmotti A, Castoldi F.","Knee Surg Sports Traumatol Arthrosc. 2010 Jul;18(7):889-93. doi: 10.1007/s00167-009-1023-6. Epub 2010 Jan 8.","Knee Surg Sports Traumatol Arthrosc.  2010","PubMed","citation","PMID:20057997","pubmed","20057997","create date:2010/01/09 | first author:Rossi R",
"Assessment of the radii of the medial and lateral femoral condyles in varus and valgus knees with osteoarthritis.","/pubmed/20048101","Howell SM, Howell SJ, Hull ML.","J Bone Joint Surg Am. 2010 Jan;92(1):98-104. doi: 10.2106/JBJS.H.01566.","J Bone Joint Surg Am.  2010","PubMed","citation","PMID:20048101","pubmed","20048101","create date:2010/01/06 | first author:Howell SM",
"Effect of limb rotation on radiographic alignment in total knee arthroplasties.","/pubmed/19898854","Radtke K, Becher C, Noll Y, Ostermeier S.","Arch Orthop Trauma Surg. 2010 Apr;130(4):451-7. doi: 10.1007/s00402-009-0999-1. Epub 2009 Nov 7.","Arch Orthop Trauma Surg.  2010","PubMed","citation","PMID:19898854","pubmed","19898854","create date:2009/11/10 | first author:Radtke K",
"Seven cuts to the perfect total knee.","/pubmed/19751004","Brooks P.","Orthopedics. 2009 Sep;32(9). pii: orthosupersite.com/view.asp?rID=42848. doi: 10.3928/01477447-20090728-27. Review.","Orthopedics.  2009","PubMed","citation","PMID:19751004","pubmed","19751004","create date:2009/09/16 | first author:Brooks P",
"Does lateral versus medial exposure influence total knee tibial component final external rotation? A CT based study.","/pubmed/19748333","Passeron D, Gaudot F, Boisrenoult P, Fallet L, Beaufils P.","Orthop Traumatol Surg Res. 2009 Oct;95(6):420-4. doi: 10.1016/j.otsr.2009.06.003. Epub 2009 Sep 11.","Orthop Traumatol Surg Res.  2009","PubMed","citation","PMID:19748333","pubmed","19748333","create date:2009/09/15 | first author:Passeron D",
"Rotational alignment of the distal femur: a literature review.","/pubmed/19592323","Victor J.","Orthop Traumatol Surg Res. 2009 Sep;95(5):365-72. doi: 10.1016/j.otsr.2009.04.011. Epub 2009 Jul 9. Review.","Orthop Traumatol Surg Res.  2009","PubMed","citation","PMID:19592323","pubmed","19592323","create date:2009/07/14 | first author:Victor J",
"Distal femur rotational alignment and patellar subluxation: a CT scan in vivo assessment.","/pubmed/19473903","Abadie P, Galaud B, Michaut M, Fallet L, Boisrenoult P, Beaufils P.","Orthop Traumatol Surg Res. 2009 Jun;95(4):267-71. doi: 10.1016/j.otsr.2009.04.004. Epub 2009 May 26.","Orthop Traumatol Surg Res.  2009","PubMed","citation","PMID:19473903","pubmed","19473903","create date:2009/05/29 | first author:Abadie P",
"In vivo adduction and reverse axial rotation (external) of the tibial component can be minimized.","/pubmed/19472969","Howell SM, Hodapp EE, Kuznik K, Hull ML.","Orthopedics. 2009 May;32(5):319.","Orthopedics.  2009","PubMed","citation","PMID:19472969","pubmed","19472969","create date:2009/05/29 | first author:Howell SM",
"A common reference frame for describing rotation of the distal femur: a ct-based kinematic study using cadavers.","/pubmed/19407308","Victor J, Van Doninck D, Labey L, Van Glabbeek F, Parizel P, Bellemans J.","J Bone Joint Surg Br. 2009 May;91(5):683-90. doi: 10.1302/0301-620X.91B5.21827.","J Bone Joint Surg Br.  2009","PubMed","citation","PMID:19407308","pubmed","19407308","create date:2009/05/02 | first author:Victor J",
"Arthrodesis of the knee using computer navigation in failed total knee arthroplasty.","/pubmed/19309051","Jung KA, Lee SC, Song MB.","Orthopedics. 2009 Mar;32(3):209.","Orthopedics.  2009","PubMed","citation","PMID:19309051","pubmed","19309051","create date:2009/03/25 | first author:Jung KA",
"Skeletal landmarks for TKR implantations: evaluation of their accuracy using EOS imaging acquisition system.","/pubmed/19251231","Schlatterer B, Suedhoff I, Bonnet X, Catonne Y, Maestro M, Skalli W.","Orthop Traumatol Surg Res. 2009 Feb;95(1):2-11. doi: 10.1016/j.otsr.2008.05.001. Epub 2009 Feb 3.","Orthop Traumatol Surg Res.  2009","PubMed","citation","PMID:19251231","pubmed","19251231","create date:2009/03/03 | first author:Schlatterer B",
"Mechanical accuracy of navigated minimally invasive total knee arthroplasty (MIS TKA).","/pubmed/19070495","Biasca N, Wirth S, Bungartz M.","Knee. 2009 Jan;16(1):22-9. doi: 10.1016/j.knee.2008.09.010. Epub 2008 Dec 13.","Knee.  2009","PubMed","citation","PMID:19070495","pubmed","19070495","create date:2008/12/17 | first author:Biasca N",
"[Rotational alignment of femoral component with computed-assisted surgery (CAS) during total knee arthroplasty].","/pubmed/18929753","Michaut M, Beaufils P, Galaud B, Abadie P, Boisrenoult P, Fallet L.","Rev Chir Orthop Reparatrice Appar Mot. 2008 Oct;94(6):580-4. doi: 10.1016/j.rco.2008.03.038. Epub 2008 May 27. French. ","Rev Chir Orthop Reparatrice Appar Mot.  2008","PubMed","citation","PMID:18929753","pubmed","18929753","create date:2008/10/22 | first author:Michaut M",
"Three-dimensional analysis of computed tomography-based navigation system for total knee arthroplasty: the accuracy of computed tomography-based navigation system.","/pubmed/18848426","Mizu-Uchi H, Matsuda S, Miura H, Higaki H, Okazaki K, Iwamoto Y.","J Arthroplasty. 2009 Oct;24(7):1103-10. doi: 10.1016/j.arth.2008.07.007. Epub 2008 Oct 9.","J Arthroplasty.  2009","PubMed","citation","PMID:18848426","pubmed","18848426","create date:2008/10/14 | first author:Mizu-Uchi H",
"The comparison of femoral component rotational alignment with transepicondylar axis in mobile bearing TKA, CT-scan study.","/pubmed/18839844","Witoolkollachit P, Seubchompoo O.","J Med Assoc Thai. 2008 Jul;91(7):1051-8.","J Med Assoc Thai.  2008","PubMed","citation","PMID:18839844","pubmed","18839844","create date:2008/10/09 | first author:Witoolkollachit P",
"Rotational position of femoral and tibial components in TKA using the femoral transepicondylar axis.","/pubmed/18825470","Aglietti P, Sensi L, Cuomo P, Ciardullo A.","Clin Orthop Relat Res. 2008 Nov;466(11):2751-5. doi: 10.1007/s11999-008-0452-8. Epub 2008 Sep 30.","Clin Orthop Relat Res.  2008","PubMed","citation","PMID:18825470 | PMCID:PMC2565051","pubmed","18825470","create date:2008/10/01 | first author:Aglietti P",
"Computer-assisted and conventional total knee replacement: a comparative, prospective, randomised study with radiological and CT evaluation.","/pubmed/18669959","Lützner J, Krummenauer F, Wolf C, Günther KP, Kirschner S.","J Bone Joint Surg Br. 2008 Aug;90(8):1039-44. doi: 10.1302/0301-620X.90B8.20553.","J Bone Joint Surg Br.  2008","PubMed","citation","PMID:18669959","pubmed","18669959","create date:2008/08/02 | first author:Lützner J",
"Bony landmarks and rotational alignment in total knee arthroplasty for Chinese osteoarthritic knees with varus or valgus deformities.","/pubmed/18534418","Sun T, Lu H, Hong N, Wu J, Feng C.","J Arthroplasty. 2009 Apr;24(3):427-31. doi: 10.1016/j.arth.2007.11.021. Epub 2008 Apr 2.","J Arthroplasty.  2009","PubMed","citation","PMID:18534418","pubmed","18534418","create date:2008/06/07 | first author:Sun T",
"Custom-fit total knee arthroplasty (OtisKnee) results in malalignment.","/pubmed/18165024","Klatt BA, Goyal N, Austin MS, Hozack WJ.","J Arthroplasty. 2008 Jan;23(1):26-9. doi: 10.1016/j.arth.2007.10.001.","J Arthroplasty.  2008","PubMed","citation","PMID:18165024","pubmed","18165024","create date:2008/01/01 | first author:Klatt BA",
"Imageless navigation for TKA increases implantation accuracy.","/pubmed/17620811","Martin A, Wohlgenannt O, Prenn M, Oelsch C, von Strempel A.","Clin Orthop Relat Res. 2007 Jul;460:178-84.","Clin Orthop Relat Res.  2007","PubMed","citation","PMID:17620811","pubmed","17620811","create date:2007/07/11 | first author:Martin A",
"Bone landmarks are more reliable than tensioned gaps in TKA component alignment.","/pubmed/17563704","Hanada H, Whiteside LA, Steiger J, Dyer P, Naito M.","Clin Orthop Relat Res. 2007 Sep;462:137-42.","Clin Orthop Relat Res.  2007","PubMed","citation","PMID:17563704","pubmed","17563704","create date:2007/06/15 | first author:Hanada H",
"How accurate is Whiteside's line as a reference axis in total knee arthroplasty?","/pubmed/17428665","Middleton FR, Palmer SH.","Knee. 2007 Jun;14(3):204-7. Epub 2007 Apr 10.","Knee.  2007","PubMed","citation","PMID:17428665","pubmed","17428665","create date:2007/04/13 | first author:Middleton FR",
"[Rotational landmarks and total knee arthroplasty in osteoarthritic knees].","/pubmed/17419197","Sun T, Lv H, Hong N.","Zhongguo Xiu Fu Chong Jian Wai Ke Za Zhi. 2007 Mar;21(3):226-30. Chinese. ","Zhongguo Xiu Fu Chong Jian Wai Ke Za Zhi.  2007","PubMed","citation","PMID:17419197","pubmed","17419197","create date:2007/04/11 | first author:Sun T",
"Computer-assisted gap equalization in total knee arthroplasty.","/pubmed/17400087","Viskontas DG, Skrinskas TV, Johnson JA, King GJ, Winemaker MJ, Chess DG.","J Arthroplasty. 2007 Apr;22(3):334-42.","J Arthroplasty.  2007","PubMed","citation","PMID:17400087","pubmed","17400087","create date:2007/04/03 | first author:Viskontas DG",
"A prospective, randomized study of computer-assisted and conventional total knee arthroplasty. Three-dimensional evaluation of implant alignment and rotation.","/pubmed/17272435","Matziolis G, Krocker D, Weiss U, Tohtz S, Perka C.","J Bone Joint Surg Am. 2007 Feb;89(2):236-43.","J Bone Joint Surg Am.  2007","PubMed","citation","PMID:17272435","pubmed","17272435","create date:2007/02/03 | first author:Matziolis G",
"Determining the rotational alignment of the tibial component at total knee replacement: a comparison of two techniques.","/pubmed/17259415","Ikeuchi M, Yamanaka N, Okanoue Y, Ueta E, Tani T.","J Bone Joint Surg Br. 2007 Jan;89(1):45-9.","J Bone Joint Surg Br.  2007","PubMed","citation","PMID:17259415","pubmed","17259415","create date:2007/01/30 | first author:Ikeuchi M",
"Synchronisation of tibial rotational alignment with femoral component in total knee arthroplasty.","/pubmed/17219211","Lee DH, Seo JG, Moon YW.","Int Orthop. 2008 Apr;32(2):223-7. Epub 2007 Jan 12.","Int Orthop.  2008","PubMed","citation","PMID:17219211 | PMCID:PMC2269015","pubmed","17219211","create date:2007/01/16 | first author:Lee DH",
"Alignments and clinical results in conventional and navigated total knee arthroplasty.","/pubmed/17195810","Ensini A, Catani F, Leardini A, Romagnoli M, Giannini S.","Clin Orthop Relat Res. 2007 Apr;457:156-62.","Clin Orthop Relat Res.  2007","PubMed","citation","PMID:17195810","pubmed","17195810","create date:2007/01/02 | first author:Ensini A",
"Preliminary radiological evaluation of the Vector Vision CT-free knee module for implantation of the LCS knee prosthesis.","/pubmed/17161605","Malik MH, Wadia F, Porter ML.","Knee. 2007 Jan;14(1):19-21. Epub 2006 Dec 8.","Knee.  2007","PubMed","citation","PMID:17161605","pubmed","17161605","create date:2006/12/13 | first author:Malik MH",
"The effect of ankle rotation on cutting of the tibia in total knee arthroplasty.","/pubmed/17142413","Mizu-uchi H, Matsuda S, Miura H, Higaki H, Okazaki K, Iwamoto Y.","J Bone Joint Surg Am. 2006 Dec;88(12):2632-6.","J Bone Joint Surg Am.  2006","PubMed","citation","PMID:17142413","pubmed","17142413","create date:2006/12/05 | first author:Mizu-uchi H",
"[Axial lower limb alignment and knee geometry in patients with osteoarthritis of the knee].","/pubmed/17124451","Desmé D, Galand-Desmé S, Besse JL, Henner J, Moyen B, Lerat JL.","Rev Chir Orthop Reparatrice Appar Mot. 2006 Nov;92(7):673-9. French. ","Rev Chir Orthop Reparatrice Appar Mot.  2006","PubMed","citation","PMID:17124451","pubmed","17124451","create date:2006/11/25 | first author:Desmé D",
"Multiparameter quantitative computer-assisted tomography assessment of unicompartmental knee arthroplasties.","/pubmed/16922897","Campbell DG, Johnson LJ, West SC.","ANZ J Surg. 2006 Sep;76(9):782-7.","ANZ J Surg.  2006","PubMed","citation","PMID:16922897","pubmed","16922897","create date:2006/08/23 | first author:Campbell DG",
"The high variability of tibial rotational alignment in total knee arthroplasty.","/pubmed/16906095","Siston RA, Goodman SB, Patel JJ, Delp SL, Giori NJ.","Clin Orthop Relat Res. 2006 Nov;452:65-9.","Clin Orthop Relat Res.  2006","PubMed","citation","PMID:16906095","pubmed","16906095","create date:2006/08/15 | first author:Siston RA",
"[Femoral shaft bowing in valgus knees: an anatomic study].","/pubmed/16800069","Brilhault J, Ledu C, Rousselle JJ, Burdin P.","Rev Chir Orthop Reparatrice Appar Mot. 2006 Apr;92(2):133-9. French. ","Rev Chir Orthop Reparatrice Appar Mot.  2006","PubMed","citation","PMID:16800069","pubmed","16800069","create date:2006/06/28 | first author:Brilhault J",
"[Radiographic analysis of rotational malalignment between tibial component and femoral component in total knee arthroplasty].","/pubmed/16784627","Chu XB, Wu HS, Wu YL, Xu CM, Tao K, Zhou XB.","Zhonghua Wai Ke Za Zhi. 2006 Apr 15;44(8):523-6. Chinese. ","Zhonghua Wai Ke Za Zhi.  2006","PubMed","citation","PMID:16784627","pubmed","16784627","create date:2006/06/21 | first author:Chu XB",
"Accuracy of a computer-assisted navigation system for total knee replacement.","/pubmed/16645104","Pitto RP, Graydon AJ, Bradley L, Malak SF, Walker CG, Anderson IA.","J Bone Joint Surg Br. 2006 May;88(5):601-5.","J Bone Joint Surg Br.  2006","PubMed","citation","PMID:16645104","pubmed","16645104","create date:2006/04/29 | first author:Pitto RP",
"Femoral component rotation in mobile-bearing total knee arthroplasty.","/pubmed/16632363","Boldt JG, Stiehl JB, Munzinger U, Beverland D, Keblish PA.","Knee. 2006 Aug;13(4):284-9. Epub 2006 May 2.","Knee.  2006","PubMed","citation","PMID:16632363","pubmed","16632363","create date:2006/04/25 | first author:Boldt JG",
"Investigation of in vivo 6DOF total knee arthoplasty kinematics using a dual orthogonal fluoroscopic system.","/pubmed/16596640","Hanson GR, Suggs JF, Freiberg AA, Durbhakula S, Li G.","J Orthop Res. 2006 May;24(5):974-81.","J Orthop Res.  2006","PubMed","citation","PMID:16596640","pubmed","16596640","create date:2006/04/06 | first author:Hanson GR",
"[Rotational malalignment causing patellofemoral complications after total knee replacement].","/pubmed/16503534","Luo JW, Yu CT, Qin J, Xu DC.","Nan Fang Yi Ke Da Xue Xue Bao. 2006 Feb;26(2):217-9. Chinese. ","Nan Fang Yi Ke Da Xue Xue Bao.  2006","PubMed","citation","PMID:16503534","pubmed","16503534","create date:2006/03/01 | first author:Luo JW",
"All-polyethylene vs. metal-backed tibial component in total knee arthroplasty-a randomized RSA study comparing early fixation of horizontally and completely cemented tibial components: part 1. Horizontally cemented components: AP better fixated than MB.","/pubmed/16470428","Hyldahl H, Regnér L, Carlsson L, Kärrholm J, Weidenhielm L.","Acta Orthop. 2005 Dec;76(6):769-77.","Acta Orthop.  2005","PubMed","citation","PMID:16470428","pubmed","16470428","create date:2006/02/14 | first author:Hyldahl H",
"Computer-assisted total knee arthroplasty: comparative results in a preliminary series of 72 cases.","/pubmed/16459860","Zorman D, Etuin P, Jennart H, Scipioni D, Devos S.","Acta Orthop Belg. 2005 Dec;71(6):696-702.","Acta Orthop Belg.  2005","PubMed","citation","PMID:16459860","pubmed","16459860","create date:2006/02/08 | first author:Zorman D",
"BoneMorphing versus freehand localization of anatomical landmarks: consequences for the reproducibility of implant positioning in total knee arthroplasty.","/pubmed/16410232","Perrin N, Stindel E, Roux C.","Comput Aided Surg. 2005 Sep-Nov;10(5-6):301-9.","Comput Aided Surg.  2005","PubMed","citation","PMID:16410232","pubmed","16410232","create date:2006/01/18 | first author:Perrin N",
"Determination of neutral tibial rotational alignment in rotating platform TKA.","/pubmed/16239791","Huddleston JI, Scott RD, Wimberley DW.","Clin Orthop Relat Res. 2005 Nov;440:101-6.","Clin Orthop Relat Res.  2005","PubMed","citation","PMID:16239791","pubmed","16239791","create date:2005/10/22 | first author:Huddleston JI",
"Distal femoral cut perpendicular to the mechanical axis may induce varus instability in flexion in medial osteoarthritic knees with varus deformity in total knee arthroplasty: a pitfall of the navigation system.","/pubmed/16228670","Nagamine R, Kondo K, Ikemura S, Shiranita A, Nakashima S, Hara T, Ihara H, Sugioka Y.","J Orthop Sci. 2004;9(6):555-9.","J Orthop Sci.  2004","PubMed","citation","PMID:16228670","pubmed","16228670","create date:2005/10/18 | first author:Nagamine R",
"Variability of extraarticular tibial rotation references for total knee arthroplasty.","/pubmed/15995437","Akagi M, Mori S, Nishimura S, Nishimura A, Asano T, Hamanishi C.","Clin Orthop Relat Res. 2005 Jul;(436):172-6.","Clin Orthop Relat Res.  2005","PubMed","citation","PMID:15995437","pubmed","15995437","create date:2005/07/05 | first author:Akagi M",
"Navigation improves accuracy of rotational alignment in total knee arthroplasty.","/pubmed/15346071","Stöckl B, Nogler M, Rosiek R, Fischer M, Krismer M, Kessler O.","Clin Orthop Relat Res. 2004 Sep;(426):180-6.","Clin Orthop Relat Res.  2004","PubMed","citation","PMID:15346071","pubmed","15346071","create date:2004/09/04 | first author:Stöckl B",
"Computer-assisted total knee replacement. A controlled cadaver study using a multi-parameter quantitative CT assessment of alignment (the Perth CT Protocol).","/pubmed/15330021","Chauhan SK, Clark GW, Lloyd S, Scott RG, Breidahl W, Sikorski JM.","J Bone Joint Surg Br. 2004 Aug;86(6):818-23.","J Bone Joint Surg Br.  2004","PubMed","citation","PMID:15330021","pubmed","15330021","create date:2004/08/28 | first author:Chauhan SK",
"Comparison of kinematic analysis by mapping tibiofemoral contact with movement of the femoral condylar centres in healthy and anterior cruciate ligament injured knees.","/pubmed/15304265","Scarvell JM, Smith PN, Refshauge KM, Galloway HR, Woods KR.","J Orthop Res. 2004 Sep;22(5):955-62.","J Orthop Res.  2004","PubMed","citation","PMID:15304265","pubmed","15304265","create date:2004/08/12 | first author:Scarvell JM",
"[The accuracy of palpation from orientation points for the navigated implantation of knee prostheses].","/pubmed/15007558","Fuiko R, Kotten B, Zettl R, Ritschl P.","Orthopade. 2004 Mar;33(3):338-43. German. ","Orthopade.  2004","PubMed","citation","PMID:15007558","pubmed","15007558","create date:2004/03/10 | first author:Fuiko R",
"Tibial axis and patellar position relative to the femoral epicondylar axis during squatting.","/pubmed/14658111","Coughlin KM, Incavo SJ, Churchill DL, Beynnon BD.","J Arthroplasty. 2003 Dec;18(8):1048-55.","J Arthroplasty.  2003","PubMed","citation","PMID:14658111","pubmed","14658111","create date:2003/12/06 | first author:Coughlin KM",
"Linkage guide for rotational alignment during total knee arthroplasty.","/pubmed/14557929","Yamada K, Imaizumi T, Takada N.","J Orthop Sci. 2003;8(5):643-7.","J Orthop Sci.  2003","PubMed","citation","PMID:14557929","pubmed","14557929","create date:2003/10/15 | first author:Yamada K",
"Anatomic rotational relationships of the proximal tibia, distal femur, and patella: implications for rotational alignment in total knee arthroplasty.","/pubmed/12934219","Incavo SJ, Coughlin KM, Pappas C, Beynnon BD.","J Arthroplasty. 2003 Aug;18(5):643-8.","J Arthroplasty.  2003","PubMed","citation","PMID:12934219","pubmed","12934219","create date:2003/08/23 | first author:Incavo SJ",
"Instrumentation pitfalls: you just can't go on autopilot!","/pubmed/12730922","Laskin RS.","J Arthroplasty. 2003 Apr;18(3 Suppl 1):18-22.","J Arthroplasty.  2003","PubMed","citation","PMID:12730922","pubmed","12730922","create date:2003/05/06 | first author:Laskin RS",
"Medial torsion of the tibia in Japanese patients with osteoarthritis of the knee.","/pubmed/12616062","Nagamine R, Miyanishi K, Miura H, Urabe K, Matsuda S, Iwamoto Y.","Clin Orthop Relat Res. 2003 Mar;(408):218-24.","Clin Orthop Relat Res.  2003","PubMed","citation","PMID:12616062","pubmed","12616062","create date:2003/03/05 | first author:Nagamine R",
"Bone anatomy and rotational alignment in total knee arthroplasty.","/pubmed/12218484","Uehara K, Kadoya Y, Kobayashi A, Ohashi H, Yamano Y.","Clin Orthop Relat Res. 2002 Sep;(402):196-201.","Clin Orthop Relat Res.  2002","PubMed","citation","PMID:12218484","pubmed","12218484","create date:2002/09/10 | first author:Uehara K",
"Soft tissue balancing: the knee.","/pubmed/12068398","Whiteside LA.","J Arthroplasty. 2002 Jun;17(4 Suppl 1):23-7.","J Arthroplasty.  2002","PubMed","citation","PMID:12068398","pubmed","12068398","create date:2002/06/18 | first author:Whiteside LA",
"Fixed- versus mobile-bearing total knee arthroplasty: technical issues and surgical tips.","/pubmed/11866162","Crossett LS.","Orthopedics. 2002 Feb;25(2 Suppl):s251-6.","Orthopedics.  2002","PubMed","citation","PMID:11866162","pubmed","11866162","create date:2002/02/28 | first author:Crossett LS",
"Component rotation and anterior knee pain after total knee arthroplasty.","/pubmed/11716424","Barrack RL, Schrader T, Bertot AJ, Wolfe MW, Myers L.","Clin Orthop Relat Res. 2001 Nov;(392):46-55.","Clin Orthop Relat Res.  2001","PubMed","citation","PMID:11716424","pubmed","11716424","create date:2001/11/22 | first author:Barrack RL",
"Surgical epicondylar axis vs anatomical epicondylar axis for rotational alignment of the femoral component in total knee arthroplasty.","/pubmed/11529366","Tanavalee A, Yuktanandana P, Ngarmukos C.","J Med Assoc Thai. 2001 Jun;84 Suppl 1:S401-8.","J Med Assoc Thai.  2001","PubMed","citation","PMID:11529366","pubmed","11529366","create date:2001/09/01 | first author:Tanavalee A",
"Observations of the proximal tibia in total knee arthroplasty.","/pubmed/11501804","Dalury DF.","Clin Orthop Relat Res. 2001 Aug;(389):150-5.","Clin Orthop Relat Res.  2001","PubMed","citation","PMID:11501804","pubmed","11501804","create date:2001/08/15 | first author:Dalury DF",
"Effect of femoral and tibial component position on patellar tracking following total knee arthroplasty: 10-year follow-up of Miller-Galante I knees.","/pubmed/11491425","Matsuda S, Miura H, Nagamine R, Urabe K, Hirata G, Iwamoto Y.","Am J Knee Surg. 2001 Summer;14(3):152-6.","Am J Knee Surg.  2001","PubMed","citation","PMID:11491425","pubmed","11491425","create date:2001/08/09 | first author:Matsuda S",
"Patellofemoral complications following total knee arthroplasty.","/pubmed/11372340","Kelly MA.","Instr Course Lect. 2001;50:403-7. Review.","Instr Course Lect.  2001","PubMed","citation","PMID:11372340","pubmed","11372340","create date:2001/05/25 | first author:Kelly MA",
"[Computerized tomography assessment of femoral and tibial rotation in total knee prosthesis].","/pubmed/11262817","Rimondi E, Molinari M, Moio A, Busacca M, Trentani F, Trentani P, Tigani D, Nigrisoli M.","Radiol Med. 2000 Jun;99(6):420-5. Italian. ","Radiol Med.  2000","PubMed","citation","PMID:11262817","pubmed","11262817","create date:2001/03/27 | first author:Rimondi E",
"Anatomic variations should be considered in total knee arthroplasty.","/pubmed/10982663","Nagamine R, Miura H, Bravo CV, Urabe K, Matsuda S, Miyanishi K, Hirata G, Iwamoto Y.","J Orthop Sci. 2000;5(3):232-7.","J Orthop Sci.  2000","PubMed","citation","PMID:10982663","pubmed","10982663","create date:2000/09/12 | first author:Nagamine R",
"Does axial limb rotation affect the alignment measurements in deformed limbs?","/pubmed/10693572","Swanson KE, Stocks GW, Warren PD, Hazel MR, Janssen HF.","Clin Orthop Relat Res. 2000 Feb;(371):246-52.","Clin Orthop Relat Res.  2000","PubMed","citation","PMID:10693572","pubmed","10693572","create date:2000/02/29 | first author:Swanson KE",
"Malrotation causing patellofemoral complications after total knee arthroplasty.","/pubmed/9917679","Berger RA, Crossett LS, Jacobs JJ, Rubash HE.","Clin Orthop Relat Res. 1998 Nov;(356):144-53.","Clin Orthop Relat Res.  1998","PubMed","citation","PMID:9917679","pubmed","9917679","create date:1999/01/26 | first author:Berger RA",
"Reliability of the anteroposterior axis and the posterior condylar axis for determining rotational alignment of the femoral component in total knee arthroplasty.","/pubmed/9662661","Nagamine R, Miura H, Inoue Y, Urabe K, Matsuda S, Okamoto Y, Nishizawa M, Iwamoto Y.","J Orthop Sci. 1998;3(4):194-8.","J Orthop Sci.  1998","PubMed","citation","PMID:9662661","pubmed","9662661","create date:1998/07/15 | first author:Nagamine R",
"Femoral rotational alignment using the tibial shaft axis in total knee arthroplasty.","/pubmed/8895618","Stiehl JB, Cherveny PM.","Clin Orthop Relat Res. 1996 Oct;(331):47-55.","Clin Orthop Relat Res.  1996","PubMed","citation","PMID:8895618","pubmed","8895618","create date:1996/10/01 | first author:Stiehl JB",
"Effect of medial displacement of the tibial tubercle on patellar position after rotational malposition of the femoral component in total knee arthroplasty.","/pubmed/8676107","Nagamine R, Whiteside LA, Otani T, White SE, McCarthy DS.","J Arthroplasty. 1996 Jan;11(1):104-10.","J Arthroplasty.  1996","PubMed","citation","PMID:8676107","pubmed","8676107","create date:1996/01/01 | first author:Nagamine R",
"Morphology of the transepicondylar axis and its application in primary and revision total knee arthroplasty.","/pubmed/8749761","Stiehl JB, Abbott BD.","J Arthroplasty. 1995 Dec;10(6):785-9.","J Arthroplasty.  1995","PubMed","citation","PMID:8749761","pubmed","8749761","create date:1995/12/01 | first author:Stiehl JB",
"Malrotation associated with implant alignment technique in total knee arthroplasty.","/pubmed/7497681","Eckhoff DG, Metzger RG, Vandewalle MV.","Clin Orthop Relat Res. 1995 Dec;(321):28-31.","Clin Orthop Relat Res.  1995","PubMed","citation","PMID:7497681","pubmed","7497681","create date:1995/12/01 | first author:Eckhoff DG",
"The anteroposterior axis for femoral rotational alignment in valgus total knee arthroplasty.","/pubmed/7497664","Whiteside LA, Arima J.","Clin Orthop Relat Res. 1995 Dec;(321):168-72.","Clin Orthop Relat Res.  1995","PubMed","citation","PMID:7497664","pubmed","7497664","create date:1995/12/01 | first author:Whiteside LA",
"Assessing rotational alignment in total knee arthroplasty.","/pubmed/7671514","Eckhoff DG, Piatt BE, Gnadinger CA, Blaschke RC.","Clin Orthop Relat Res. 1995 Sep;(318):176-81.","Clin Orthop Relat Res.  1995","PubMed","citation","PMID:7671514","pubmed","7671514","create date:1995/09/01 | first author:Eckhoff DG",
"Version of the osteoarthritic knee.","/pubmed/8163979","Eckhoff DG, Johnston RJ, Stamm ER, Kilcoyne RF, Wiedel JD.","J Arthroplasty. 1994 Feb;9(1):73-9.","J Arthroplasty.  1994","PubMed","citation","PMID:8163979","pubmed","8163979","create date:1994/02/01 | first author:Eckhoff DG",
"Wear patterns on retrieved polyethylene tibial inserts and their relationship to technical considerations during total knee arthroplasty.","/pubmed/8119035","Wasielewski RC, Galante JO, Leighty RM, Natarajan RN, Rosenberg AG.","Clin Orthop Relat Res. 1994 Feb;(299):31-43.","Clin Orthop Relat Res.  1994","PubMed","citation","PMID:8119035","pubmed","8119035","create date:1994/02/01 | first author:Wasielewski RC",
"Radiological analysis of normal axial alignment of femur and tibia in view of total knee arthroplasty.","/pubmed/8409995","Oswald MH, Jakob RP, Schneider E, Hoogewoud HM.","J Arthroplasty. 1993 Aug;8(4):419-26.","J Arthroplasty.  1993","PubMed","citation","PMID:8409995","pubmed","8409995","create date:1993/08/01 | first author:Oswald MH",
